# Log Gross Income (lower edge), Log Gross Income (upper edge), Log Liq Wealth (lower edge), Log Liq Wealth (upper edge), Probability
8.294049640102028, 8.448993399254363, 0.0, 0.7453716929240793, 0.07095846087430382
8.294049640102028, 8.448993399254363, 0.7453716929240793, 1.4907433858481587, 0.06537800385729238
8.294049640102028, 8.448993399254363, 1.4907433858481587, 2.236115078772238, 0.06306031942455802
8.294049640102028, 8.448993399254363, 2.236115078772238, 2.9814867716963174, 0.0
8.294049640102028, 8.448993399254363, 2.9814867716963174, 3.726858464620397, 0.0
8.294049640102028, 8.448993399254363, 3.726858464620397, 4.472230157544476, 0.01726547373826937
8.294049640102028, 8.448993399254363, 4.472230157544476, 5.217601850468555, 0.10593467729777058
8.294049640102028, 8.448993399254363, 5.217601850468555, 5.962973543392635, 0.09292425599689656
8.294049640102028, 8.448993399254363, 5.962973543392635, 6.708345236316714, 0.14155481460954444
8.294049640102028, 8.448993399254363, 6.708345236316714, 7.453716929240794, 0.09922879303558496
8.294049640102028, 8.448993399254363, 7.453716929240794, 8.199088622164872, 0.0
8.294049640102028, 8.448993399254363, 8.199088622164872, 8.944460315088952, 0.17791622164999835
8.294049640102028, 8.448993399254363, 8.944460315088952, 9.689832008013031, 0.09734462006898834
8.294049640102028, 8.448993399254363, 9.689832008013031, 10.43520370093711, 0.05963197024457466
8.294049640102028, 8.448993399254363, 10.43520370093711, 11.18057539386119, 0.008802389202218597
8.294049640102028, 8.448993399254363, 11.18057539386119, 11.92594708678527, 0.0
8.294049640102028, 8.448993399254363, 11.92594708678527, 12.671318779709349, 0.0
8.294049640102028, 8.448993399254363, 12.671318779709349, 13.416690472633428, 0.0
8.294049640102028, 8.448993399254363, 13.416690472633428, 14.162062165557508, 0.0
8.294049640102028, 8.448993399254363, 14.162062165557508, 14.907433858481587, 0.0
8.448993399254363, 8.603937158406696, 0.0, 0.7453716929240793, 0.054254497058348936
8.448993399254363, 8.603937158406696, 0.7453716929240793, 1.4907433858481587, 0.0
8.448993399254363, 8.603937158406696, 1.4907433858481587, 2.236115078772238, 0.07981716400163653
8.448993399254363, 8.603937158406696, 2.236115078772238, 2.9814867716963174, 0.024691344059475824
8.448993399254363, 8.603937158406696, 2.9814867716963174, 3.726858464620397, 0.023156783503256104
8.448993399254363, 8.603937158406696, 3.726858464620397, 4.472230157544476, 0.00863009517152878
8.448993399254363, 8.603937158406696, 4.472230157544476, 5.217601850468555, 0.032511352270605434
8.448993399254363, 8.603937158406696, 5.217601850468555, 5.962973543392635, 0.10561125301955508
8.448993399254363, 8.603937158406696, 5.962973543392635, 6.708345236316714, 0.1214194240287963
8.448993399254363, 8.603937158406696, 6.708345236316714, 7.453716929240794, 0.07745552949421698
8.448993399254363, 8.603937158406696, 7.453716929240794, 8.199088622164872, 0.09459326134778735
8.448993399254363, 8.603937158406696, 8.199088622164872, 8.944460315088952, 0.124580283163836
8.448993399254363, 8.603937158406696, 8.944460315088952, 9.689832008013031, 0.060284271308033564
8.448993399254363, 8.603937158406696, 9.689832008013031, 10.43520370093711, 0.032042665576547134
8.448993399254363, 8.603937158406696, 10.43520370093711, 11.18057539386119, 0.07579003163050664
8.448993399254363, 8.603937158406696, 11.18057539386119, 11.92594708678527, 0.08516204436586947
8.448993399254363, 8.603937158406696, 11.92594708678527, 12.671318779709349, 0.0
8.448993399254363, 8.603937158406696, 12.671318779709349, 13.416690472633428, 0.0
8.448993399254363, 8.603937158406696, 13.416690472633428, 14.162062165557508, 0.0
8.448993399254363, 8.603937158406696, 14.162062165557508, 14.907433858481587, 0.0
8.603937158406696, 8.758880917559031, 0.0, 0.7453716929240793, 0.013662077592456136
8.603937158406696, 8.758880917559031, 0.7453716929240793, 1.4907433858481587, 0.0
8.603937158406696, 8.758880917559031, 1.4907433858481587, 2.236115078772238, 0.0
8.603937158406696, 8.758880917559031, 2.236115078772238, 2.9814867716963174, 0.03830089511857697
8.603937158406696, 8.758880917559031, 2.9814867716963174, 3.726858464620397, 0.05050760838647006
8.603937158406696, 8.758880917559031, 3.726858464620397, 4.472230157544476, 0.044711570026739006
8.603937158406696, 8.758880917559031, 4.472230157544476, 5.217601850468555, 0.0799542702012621
8.603937158406696, 8.758880917559031, 5.217601850468555, 5.962973543392635, 0.08027774943348366
8.603937158406696, 8.758880917559031, 5.962973543392635, 6.708345236316714, 0.2234507952755062
8.603937158406696, 8.758880917559031, 6.708345236316714, 7.453716929240794, 0.08544418043910726
8.603937158406696, 8.758880917559031, 7.453716929240794, 8.199088622164872, 0.11369329178549094
8.603937158406696, 8.758880917559031, 8.199088622164872, 8.944460315088952, 0.09477735576031715
8.603937158406696, 8.758880917559031, 8.944460315088952, 9.689832008013031, 0.1164555334450161
8.603937158406696, 8.758880917559031, 9.689832008013031, 10.43520370093711, 0.02185398069660615
8.603937158406696, 8.758880917559031, 10.43520370093711, 11.18057539386119, 0.024439818840764255
8.603937158406696, 8.758880917559031, 11.18057539386119, 11.92594708678527, 0.012470872998204038
8.603937158406696, 8.758880917559031, 11.92594708678527, 12.671318779709349, 0.0
8.603937158406696, 8.758880917559031, 12.671318779709349, 13.416690472633428, 0.0
8.603937158406696, 8.758880917559031, 13.416690472633428, 14.162062165557508, 0.0
8.603937158406696, 8.758880917559031, 14.162062165557508, 14.907433858481587, 0.0
8.758880917559031, 8.913824676711366, 0.0, 0.7453716929240793, 0.04497277483210471
8.758880917559031, 8.913824676711366, 0.7453716929240793, 1.4907433858481587, 0.022029633911311026
8.758880917559031, 8.913824676711366, 1.4907433858481587, 2.236115078772238, 0.012157918156250735
8.758880917559031, 8.913824676711366, 2.236115078772238, 2.9814867716963174, 0.022302860004394173
8.758880917559031, 8.913824676711366, 2.9814867716963174, 3.726858464620397, 0.03857450233518372
8.758880917559031, 8.913824676711366, 3.726858464620397, 4.472230157544476, 0.04437266061335453
8.758880917559031, 8.913824676711366, 4.472230157544476, 5.217601850468555, 0.07515315361618076
8.758880917559031, 8.913824676711366, 5.217601850468555, 5.962973543392635, 0.062144645385724256
8.758880917559031, 8.913824676711366, 5.962973543392635, 6.708345236316714, 0.13746157172091808
8.758880917559031, 8.913824676711366, 6.708345236316714, 7.453716929240794, 0.11679951302663018
8.758880917559031, 8.913824676711366, 7.453716929240794, 8.199088622164872, 0.12597661205710464
8.758880917559031, 8.913824676711366, 8.199088622164872, 8.944460315088952, 0.09057381991396837
8.758880917559031, 8.913824676711366, 8.944460315088952, 9.689832008013031, 0.10499115626211375
8.758880917559031, 8.913824676711366, 9.689832008013031, 10.43520370093711, 0.0319881382020299
8.758880917559031, 8.913824676711366, 10.43520370093711, 11.18057539386119, 0.04731664589705788
8.758880917559031, 8.913824676711366, 11.18057539386119, 11.92594708678527, 0.021767410932383453
8.758880917559031, 8.913824676711366, 11.92594708678527, 12.671318779709349, 0.0
8.758880917559031, 8.913824676711366, 12.671318779709349, 13.416690472633428, 0.0
8.758880917559031, 8.913824676711366, 13.416690472633428, 14.162062165557508, 0.0014169831332897463
8.758880917559031, 8.913824676711366, 14.162062165557508, 14.907433858481587, 0.0
8.913824676711366, 9.068768435863701, 0.0, 0.7453716929240793, 0.023760855825351743
8.913824676711366, 9.068768435863701, 0.7453716929240793, 1.4907433858481587, 0.006275764894990496
8.913824676711366, 9.068768435863701, 1.4907433858481587, 2.236115078772238, 0.010325333510192259
8.913824676711366, 9.068768435863701, 2.236115078772238, 2.9814867716963174, 0.029015328155006303
8.913824676711366, 9.068768435863701, 2.9814867716963174, 3.726858464620397, 0.04458827288146515
8.913824676711366, 9.068768435863701, 3.726858464620397, 4.472230157544476, 0.04258927495873521
8.913824676711366, 9.068768435863701, 4.472230157544476, 5.217601850468555, 0.09060682039912024
8.913824676711366, 9.068768435863701, 5.217601850468555, 5.962973543392635, 0.07196419994552486
8.913824676711366, 9.068768435863701, 5.962973543392635, 6.708345236316714, 0.1042483885345139
8.913824676711366, 9.068768435863701, 6.708345236316714, 7.453716929240794, 0.08401309153775725
8.913824676711366, 9.068768435863701, 7.453716929240794, 8.199088622164872, 0.10018615743500352
8.913824676711366, 9.068768435863701, 8.199088622164872, 8.944460315088952, 0.13340232904234733
8.913824676711366, 9.068768435863701, 8.944460315088952, 9.689832008013031, 0.13146376206062343
8.913824676711366, 9.068768435863701, 9.689832008013031, 10.43520370093711, 0.07237740585250906
8.913824676711366, 9.068768435863701, 10.43520370093711, 11.18057539386119, 0.024424843188715555
8.913824676711366, 9.068768435863701, 11.18057539386119, 11.92594708678527, 0.024807617849039423
8.913824676711366, 9.068768435863701, 11.92594708678527, 12.671318779709349, 0.0
8.913824676711366, 9.068768435863701, 12.671318779709349, 13.416690472633428, 0.0059505539291041165
8.913824676711366, 9.068768435863701, 13.416690472633428, 14.162062165557508, 0.0
8.913824676711366, 9.068768435863701, 14.162062165557508, 14.907433858481587, 0.0
9.068768435863701, 9.223712195016034, 0.0, 0.7453716929240793, 0.013328274404651227
9.068768435863701, 9.223712195016034, 0.7453716929240793, 1.4907433858481587, 0.007296480996693053
9.068768435863701, 9.223712195016034, 1.4907433858481587, 2.236115078772238, 0.015477231003455523
9.068768435863701, 9.223712195016034, 2.236115078772238, 2.9814867716963174, 0.01421168361334842
9.068768435863701, 9.223712195016034, 2.9814867716963174, 3.726858464620397, 0.05372374982833898
9.068768435863701, 9.223712195016034, 3.726858464620397, 4.472230157544476, 0.03851976201575796
9.068768435863701, 9.223712195016034, 4.472230157544476, 5.217601850468555, 0.06781221033956437
9.068768435863701, 9.223712195016034, 5.217601850468555, 5.962973543392635, 0.09355381364450624
9.068768435863701, 9.223712195016034, 5.962973543392635, 6.708345236316714, 0.09467546037278919
9.068768435863701, 9.223712195016034, 6.708345236316714, 7.453716929240794, 0.10599983781997355
9.068768435863701, 9.223712195016034, 7.453716929240794, 8.199088622164872, 0.12712337345903676
9.068768435863701, 9.223712195016034, 8.199088622164872, 8.944460315088952, 0.12836661097204852
9.068768435863701, 9.223712195016034, 8.944460315088952, 9.689832008013031, 0.11392265979773435
9.068768435863701, 9.223712195016034, 9.689832008013031, 10.43520370093711, 0.0825269832528115
9.068768435863701, 9.223712195016034, 10.43520370093711, 11.18057539386119, 0.028714455339891472
9.068768435863701, 9.223712195016034, 11.18057539386119, 11.92594708678527, 0.01189911366696491
9.068768435863701, 9.223712195016034, 11.92594708678527, 12.671318779709349, 0.0
9.068768435863701, 9.223712195016034, 12.671318779709349, 13.416690472633428, 0.002848299472433995
9.068768435863701, 9.223712195016034, 13.416690472633428, 14.162062165557508, 0.0
9.068768435863701, 9.223712195016034, 14.162062165557508, 14.907433858481587, 0.0
9.223712195016034, 9.37865595416837, 0.0, 0.7453716929240793, 0.01765097380549486
9.223712195016034, 9.37865595416837, 0.7453716929240793, 1.4907433858481587, 0.009691965756540065
9.223712195016034, 9.37865595416837, 1.4907433858481587, 2.236115078772238, 0.019724671629749637
9.223712195016034, 9.37865595416837, 2.236115078772238, 2.9814867716963174, 0.019479672289814384
9.223712195016034, 9.37865595416837, 2.9814867716963174, 3.726858464620397, 0.03672181375308533
9.223712195016034, 9.37865595416837, 3.726858464620397, 4.472230157544476, 0.031220398189473274
9.223712195016034, 9.37865595416837, 4.472230157544476, 5.217601850468555, 0.05093367626978033
9.223712195016034, 9.37865595416837, 5.217601850468555, 5.962973543392635, 0.08249563949156832
9.223712195016034, 9.37865595416837, 5.962973543392635, 6.708345236316714, 0.0913332359082932
9.223712195016034, 9.37865595416837, 6.708345236316714, 7.453716929240794, 0.11714904980553946
9.223712195016034, 9.37865595416837, 7.453716929240794, 8.199088622164872, 0.1271738320642911
9.223712195016034, 9.37865595416837, 8.199088622164872, 8.944460315088952, 0.14010222150389715
9.223712195016034, 9.37865595416837, 8.944460315088952, 9.689832008013031, 0.13040082077748189
9.223712195016034, 9.37865595416837, 9.689832008013031, 10.43520370093711, 0.09078917618105553
9.223712195016034, 9.37865595416837, 10.43520370093711, 11.18057539386119, 0.019701042275835457
9.223712195016034, 9.37865595416837, 11.18057539386119, 11.92594708678527, 0.009811135263816478
9.223712195016034, 9.37865595416837, 11.92594708678527, 12.671318779709349, 0.004458124650328823
9.223712195016034, 9.37865595416837, 12.671318779709349, 13.416690472633428, 0.001162550383954711
9.223712195016034, 9.37865595416837, 13.416690472633428, 14.162062165557508, 0.0
9.223712195016034, 9.37865595416837, 14.162062165557508, 14.907433858481587, 0.0
9.37865595416837, 9.533599713320704, 0.0, 0.7453716929240793, 0.021508812536167647
9.37865595416837, 9.533599713320704, 0.7453716929240793, 1.4907433858481587, 0.005982302084339711
9.37865595416837, 9.533599713320704, 1.4907433858481587, 2.236115078772238, 0.015372107227982094
9.37865595416837, 9.533599713320704, 2.236115078772238, 2.9814867716963174, 0.011457913371537119
9.37865595416837, 9.533599713320704, 2.9814867716963174, 3.726858464620397, 0.0282285207421712
9.37865595416837, 9.533599713320704, 3.726858464620397, 4.472230157544476, 0.030472413653302135
9.37865595416837, 9.533599713320704, 4.472230157544476, 5.217601850468555, 0.06944291790312249
9.37865595416837, 9.533599713320704, 5.217601850468555, 5.962973543392635, 0.08967453935128093
9.37865595416837, 9.533599713320704, 5.962973543392635, 6.708345236316714, 0.12253421612656203
9.37865595416837, 9.533599713320704, 6.708345236316714, 7.453716929240794, 0.11479611045715468
9.37865595416837, 9.533599713320704, 7.453716929240794, 8.199088622164872, 0.11885638854087635
9.37865595416837, 9.533599713320704, 8.199088622164872, 8.944460315088952, 0.12244917618213608
9.37865595416837, 9.533599713320704, 8.944460315088952, 9.689832008013031, 0.11333273988139653
9.37865595416837, 9.533599713320704, 9.689832008013031, 10.43520370093711, 0.07647620138752637
9.37865595416837, 9.533599713320704, 10.43520370093711, 11.18057539386119, 0.04296744288630355
9.37865595416837, 9.533599713320704, 11.18057539386119, 11.92594708678527, 0.014114810130128453
9.37865595416837, 9.533599713320704, 11.92594708678527, 12.671318779709349, 0.0023333875380127165
9.37865595416837, 9.533599713320704, 12.671318779709349, 13.416690472633428, 0.0
9.37865595416837, 9.533599713320704, 13.416690472633428, 14.162062165557508, 0.0
9.37865595416837, 9.533599713320704, 14.162062165557508, 14.907433858481587, 0.0
9.533599713320704, 9.68854347247304, 0.0, 0.7453716929240793, 0.014956286408690338
9.533599713320704, 9.68854347247304, 0.7453716929240793, 1.4907433858481587, 0.00655589070403355
9.533599713320704, 9.68854347247304, 1.4907433858481587, 2.236115078772238, 0.0068830079256585585
9.533599713320704, 9.68854347247304, 2.236115078772238, 2.9814867716963174, 0.008833777618630167
9.533599713320704, 9.68854347247304, 2.9814867716963174, 3.726858464620397, 0.02811135789587985
9.533599713320704, 9.68854347247304, 3.726858464620397, 4.472230157544476, 0.029755819457261898
9.533599713320704, 9.68854347247304, 4.472230157544476, 5.217601850468555, 0.05074532427755672
9.533599713320704, 9.68854347247304, 5.217601850468555, 5.962973543392635, 0.07219420152945416
9.533599713320704, 9.68854347247304, 5.962973543392635, 6.708345236316714, 0.12516914576594895
9.533599713320704, 9.68854347247304, 6.708345236316714, 7.453716929240794, 0.09305326202541764
9.533599713320704, 9.68854347247304, 7.453716929240794, 8.199088622164872, 0.11936198130985291
9.533599713320704, 9.68854347247304, 8.199088622164872, 8.944460315088952, 0.13590692238029034
9.533599713320704, 9.68854347247304, 8.944460315088952, 9.689832008013031, 0.14098872473909516
9.533599713320704, 9.68854347247304, 9.689832008013031, 10.43520370093711, 0.08318599815658731
9.533599713320704, 9.68854347247304, 10.43520370093711, 11.18057539386119, 0.06329770105476114
9.533599713320704, 9.68854347247304, 11.18057539386119, 11.92594708678527, 0.014179658292292613
9.533599713320704, 9.68854347247304, 11.92594708678527, 12.671318779709349, 0.005608170653989948
9.533599713320704, 9.68854347247304, 12.671318779709349, 13.416690472633428, 0.0
9.533599713320704, 9.68854347247304, 13.416690472633428, 14.162062165557508, 0.0012127698045990099
9.533599713320704, 9.68854347247304, 14.162062165557508, 14.907433858481587, 0.0
9.68854347247304, 9.843487231625373, 0.0, 0.7453716929240793, 0.007761496843540435
9.68854347247304, 9.843487231625373, 0.7453716929240793, 1.4907433858481587, 0.0031379838089422717
9.68854347247304, 9.843487231625373, 1.4907433858481587, 2.236115078772238, 0.006481070755115438
9.68854347247304, 9.843487231625373, 2.236115078772238, 2.9814867716963174, 0.010876969777748406
9.68854347247304, 9.843487231625373, 2.9814867716963174, 3.726858464620397, 0.015187535211734216
9.68854347247304, 9.843487231625373, 3.726858464620397, 4.472230157544476, 0.03528906337912619
9.68854347247304, 9.843487231625373, 4.472230157544476, 5.217601850468555, 0.04346344399257411
9.68854347247304, 9.843487231625373, 5.217601850468555, 5.962973543392635, 0.08327357431467851
9.68854347247304, 9.843487231625373, 5.962973543392635, 6.708345236316714, 0.12583335280570707
9.68854347247304, 9.843487231625373, 6.708345236316714, 7.453716929240794, 0.10563925182922845
9.68854347247304, 9.843487231625373, 7.453716929240794, 8.199088622164872, 0.12309540818216654
9.68854347247304, 9.843487231625373, 8.199088622164872, 8.944460315088952, 0.11584266353244196
9.68854347247304, 9.843487231625373, 8.944460315088952, 9.689832008013031, 0.14623398270260307
9.68854347247304, 9.843487231625373, 9.689832008013031, 10.43520370093711, 0.08914789569266333
9.68854347247304, 9.843487231625373, 10.43520370093711, 11.18057539386119, 0.06215234700594154
9.68854347247304, 9.843487231625373, 11.18057539386119, 11.92594708678527, 0.016769292685268205
9.68854347247304, 9.843487231625373, 11.92594708678527, 12.671318779709349, 0.007178347498309384
9.68854347247304, 9.843487231625373, 12.671318779709349, 13.416690472633428, 0.0026363199822108867
9.68854347247304, 9.843487231625373, 13.416690472633428, 14.162062165557508, 0.0
9.68854347247304, 9.843487231625373, 14.162062165557508, 14.907433858481587, 0.0
9.843487231625373, 9.998430990777708, 0.0, 0.7453716929240793, 0.009679725990535792
9.843487231625373, 9.998430990777708, 0.7453716929240793, 1.4907433858481587, 0.0012390167923194508
9.843487231625373, 9.998430990777708, 1.4907433858481587, 2.236115078772238, 0.006895205324930759
9.843487231625373, 9.998430990777708, 2.236115078772238, 2.9814867716963174, 0.015490928294664634
9.843487231625373, 9.998430990777708, 2.9814867716963174, 3.726858464620397, 0.01618087882377034
9.843487231625373, 9.998430990777708, 3.726858464620397, 4.472230157544476, 0.019115134555138
9.843487231625373, 9.998430990777708, 4.472230157544476, 5.217601850468555, 0.04170137184242586
9.843487231625373, 9.998430990777708, 5.217601850468555, 5.962973543392635, 0.07076723264368344
9.843487231625373, 9.998430990777708, 5.962973543392635, 6.708345236316714, 0.1079498780555743
9.843487231625373, 9.998430990777708, 6.708345236316714, 7.453716929240794, 0.12262093520404455
9.843487231625373, 9.998430990777708, 7.453716929240794, 8.199088622164872, 0.115710169616634
9.843487231625373, 9.998430990777708, 8.199088622164872, 8.944460315088952, 0.12435974637180398
9.843487231625373, 9.998430990777708, 8.944460315088952, 9.689832008013031, 0.1233765386087587
9.843487231625373, 9.998430990777708, 9.689832008013031, 10.43520370093711, 0.11746680461708575
9.843487231625373, 9.998430990777708, 10.43520370093711, 11.18057539386119, 0.07246131846814949
9.843487231625373, 9.998430990777708, 11.18057539386119, 11.92594708678527, 0.021953519002154483
9.843487231625373, 9.998430990777708, 11.92594708678527, 12.671318779709349, 0.008358324355444823
9.843487231625373, 9.998430990777708, 12.671318779709349, 13.416690472633428, 0.0038509827144026674
9.843487231625373, 9.998430990777708, 13.416690472633428, 14.162062165557508, 0.0008222887184789981
9.843487231625373, 9.998430990777708, 14.162062165557508, 14.907433858481587, 0.0
9.998430990777708, 10.153374749930043, 0.0, 0.7453716929240793, 0.008200510247650804
9.998430990777708, 10.153374749930043, 0.7453716929240793, 1.4907433858481587, 0.0039002040524622186
9.998430990777708, 10.153374749930043, 1.4907433858481587, 2.236115078772238, 0.006563907159392043
9.998430990777708, 10.153374749930043, 2.236115078772238, 2.9814867716963174, 0.008272603059038368
9.998430990777708, 10.153374749930043, 2.9814867716963174, 3.726858464620397, 0.022030064958354915
9.998430990777708, 10.153374749930043, 3.726858464620397, 4.472230157544476, 0.02619668147769074
9.998430990777708, 10.153374749930043, 4.472230157544476, 5.217601850468555, 0.028393743958400112
9.998430990777708, 10.153374749930043, 5.217601850468555, 5.962973543392635, 0.06392287799291799
9.998430990777708, 10.153374749930043, 5.962973543392635, 6.708345236316714, 0.10112272256735304
9.998430990777708, 10.153374749930043, 6.708345236316714, 7.453716929240794, 0.1376886743030475
9.998430990777708, 10.153374749930043, 7.453716929240794, 8.199088622164872, 0.11014264271420662
9.998430990777708, 10.153374749930043, 8.199088622164872, 8.944460315088952, 0.13256510546529446
9.998430990777708, 10.153374749930043, 8.944460315088952, 9.689832008013031, 0.11591740294694475
9.998430990777708, 10.153374749930043, 9.689832008013031, 10.43520370093711, 0.10362986589520427
9.998430990777708, 10.153374749930043, 10.43520370093711, 11.18057539386119, 0.08734351094033202
9.998430990777708, 10.153374749930043, 11.18057539386119, 11.92594708678527, 0.030868753921116255
9.998430990777708, 10.153374749930043, 11.92594708678527, 12.671318779709349, 0.012539176113484185
9.998430990777708, 10.153374749930043, 12.671318779709349, 13.416690472633428, 0.0005037362691429675
9.998430990777708, 10.153374749930043, 13.416690472633428, 14.162062165557508, 0.00019781595796656567
9.998430990777708, 10.153374749930043, 14.162062165557508, 14.907433858481587, 0.0
10.153374749930043, 10.308318509082376, 0.0, 0.7453716929240793, 0.0037070749288791918
10.153374749930043, 10.308318509082376, 0.7453716929240793, 1.4907433858481587, 0.0017286227248847752
10.153374749930043, 10.308318509082376, 1.4907433858481587, 2.236115078772238, 0.004761554057935522
10.153374749930043, 10.308318509082376, 2.236115078772238, 2.9814867716963174, 0.008369113432691843
10.153374749930043, 10.308318509082376, 2.9814867716963174, 3.726858464620397, 0.010597252472851641
10.153374749930043, 10.308318509082376, 3.726858464620397, 4.472230157544476, 0.023643002822490457
10.153374749930043, 10.308318509082376, 4.472230157544476, 5.217601850468555, 0.025592741572921844
10.153374749930043, 10.308318509082376, 5.217601850468555, 5.962973543392635, 0.05840579208519159
10.153374749930043, 10.308318509082376, 5.962973543392635, 6.708345236316714, 0.08804161306516521
10.153374749930043, 10.308318509082376, 6.708345236316714, 7.453716929240794, 0.11125567308009585
10.153374749930043, 10.308318509082376, 7.453716929240794, 8.199088622164872, 0.13035497285180558
10.153374749930043, 10.308318509082376, 8.199088622164872, 8.944460315088952, 0.1377298993766053
10.153374749930043, 10.308318509082376, 8.944460315088952, 9.689832008013031, 0.1354145976036184
10.153374749930043, 10.308318509082376, 9.689832008013031, 10.43520370093711, 0.11706249420300162
10.153374749930043, 10.308318509082376, 10.43520370093711, 11.18057539386119, 0.08986578871237051
10.153374749930043, 10.308318509082376, 11.18057539386119, 11.92594708678527, 0.04063762237484195
10.153374749930043, 10.308318509082376, 11.92594708678527, 12.671318779709349, 0.010045193090782877
10.153374749930043, 10.308318509082376, 12.671318779709349, 13.416690472633428, 0.0021419988790654723
10.153374749930043, 10.308318509082376, 13.416690472633428, 14.162062165557508, 0.0006449926648005096
10.153374749930043, 10.308318509082376, 14.162062165557508, 14.907433858481587, 0.0
10.308318509082376, 10.463262268234711, 0.0, 0.7453716929240793, 0.0021469416292860272
10.308318509082376, 10.463262268234711, 0.7453716929240793, 1.4907433858481587, 0.0009424666440195019
10.308318509082376, 10.463262268234711, 1.4907433858481587, 2.236115078772238, 0.0019925068950584347
10.308318509082376, 10.463262268234711, 2.236115078772238, 2.9814867716963174, 0.0038092494753524725
10.308318509082376, 10.463262268234711, 2.9814867716963174, 3.726858464620397, 0.004101020103742749
10.308318509082376, 10.463262268234711, 3.726858464620397, 4.472230157544476, 0.00634868617683081
10.308318509082376, 10.463262268234711, 4.472230157544476, 5.217601850468555, 0.02698925004262087
10.308318509082376, 10.463262268234711, 5.217601850468555, 5.962973543392635, 0.05847982597645065
10.308318509082376, 10.463262268234711, 5.962973543392635, 6.708345236316714, 0.08786869897057974
10.308318509082376, 10.463262268234711, 6.708345236316714, 7.453716929240794, 0.11098657825660041
10.308318509082376, 10.463262268234711, 7.453716929240794, 8.199088622164872, 0.12701321421243547
10.308318509082376, 10.463262268234711, 8.199088622164872, 8.944460315088952, 0.14663321801147333
10.308318509082376, 10.463262268234711, 8.944460315088952, 9.689832008013031, 0.13770347216624348
10.308318509082376, 10.463262268234711, 9.689832008013031, 10.43520370093711, 0.12959507576600093
10.308318509082376, 10.463262268234711, 10.43520370093711, 11.18057539386119, 0.09743029727528041
10.308318509082376, 10.463262268234711, 11.18057539386119, 11.92594708678527, 0.04227528295314854
10.308318509082376, 10.463262268234711, 11.92594708678527, 12.671318779709349, 0.014045158347059493
10.308318509082376, 10.463262268234711, 12.671318779709349, 13.416690472633428, 0.001639057097816461
10.308318509082376, 10.463262268234711, 13.416690472633428, 14.162062165557508, 0.0
10.308318509082376, 10.463262268234711, 14.162062165557508, 14.907433858481587, 0.0
10.463262268234711, 10.618206027387046, 0.0, 0.7453716929240793, 0.0032265553625047245
10.463262268234711, 10.618206027387046, 0.7453716929240793, 1.4907433858481587, 0.0026162440396684384
10.463262268234711, 10.618206027387046, 1.4907433858481587, 2.236115078772238, 0.0027498266611496905
10.463262268234711, 10.618206027387046, 2.236115078772238, 2.9814867716963174, 0.011342996493093357
10.463262268234711, 10.618206027387046, 2.9814867716963174, 3.726858464620397, 0.01025720689592432
10.463262268234711, 10.618206027387046, 3.726858464620397, 4.472230157544476, 0.0038333236638406153
10.463262268234711, 10.618206027387046, 4.472230157544476, 5.217601850468555, 0.019196476482197317
10.463262268234711, 10.618206027387046, 5.217601850468555, 5.962973543392635, 0.035622461507547616
10.463262268234711, 10.618206027387046, 5.962973543392635, 6.708345236316714, 0.09039087291525033
10.463262268234711, 10.618206027387046, 6.708345236316714, 7.453716929240794, 0.11281054269685782
10.463262268234711, 10.618206027387046, 7.453716929240794, 8.199088622164872, 0.11872090245634884
10.463262268234711, 10.618206027387046, 8.199088622164872, 8.944460315088952, 0.14229051234898543
10.463262268234711, 10.618206027387046, 8.944460315088952, 9.689832008013031, 0.14851506810498236
10.463262268234711, 10.618206027387046, 9.689832008013031, 10.43520370093711, 0.13444579252549274
10.463262268234711, 10.618206027387046, 10.43520370093711, 11.18057539386119, 0.10207837634539715
10.463262268234711, 10.618206027387046, 11.18057539386119, 11.92594708678527, 0.04582789529244002
10.463262268234711, 10.618206027387046, 11.92594708678527, 12.671318779709349, 0.01336124180112865
10.463262268234711, 10.618206027387046, 12.671318779709349, 13.416690472633428, 0.0020801057622912124
10.463262268234711, 10.618206027387046, 13.416690472633428, 14.162062165557508, 0.00047359471942336564
10.463262268234711, 10.618206027387046, 14.162062165557508, 14.907433858481587, 0.00016000392547610968
10.618206027387046, 10.773149786539381, 0.0, 0.7453716929240793, 0.00040542935944760575
10.618206027387046, 10.773149786539381, 0.7453716929240793, 1.4907433858481587, 0.0
10.618206027387046, 10.773149786539381, 1.4907433858481587, 2.236115078772238, 0.0012692318964539998
10.618206027387046, 10.773149786539381, 2.236115078772238, 2.9814867716963174, 0.004823743625394846
10.618206027387046, 10.773149786539381, 2.9814867716963174, 3.726858464620397, 0.0012984317321505573
10.618206027387046, 10.773149786539381, 3.726858464620397, 4.472230157544476, 0.006621759887439053
10.618206027387046, 10.773149786539381, 4.472230157544476, 5.217601850468555, 0.012286105494518496
10.618206027387046, 10.773149786539381, 5.217601850468555, 5.962973543392635, 0.03266170200126398
10.618206027387046, 10.773149786539381, 5.962973543392635, 6.708345236316714, 0.07232071677576857
10.618206027387046, 10.773149786539381, 6.708345236316714, 7.453716929240794, 0.08336383545517995
10.618206027387046, 10.773149786539381, 7.453716929240794, 8.199088622164872, 0.1461727003340895
10.618206027387046, 10.773149786539381, 8.199088622164872, 8.944460315088952, 0.14506903580052125
10.618206027387046, 10.773149786539381, 8.944460315088952, 9.689832008013031, 0.1409972857127256
10.618206027387046, 10.773149786539381, 9.689832008013031, 10.43520370093711, 0.15691138241891703
10.618206027387046, 10.773149786539381, 10.43520370093711, 11.18057539386119, 0.11255102917384388
10.618206027387046, 10.773149786539381, 11.18057539386119, 11.92594708678527, 0.05152035403515672
10.618206027387046, 10.773149786539381, 11.92594708678527, 12.671318779709349, 0.024877334671130288
10.618206027387046, 10.773149786539381, 12.671318779709349, 13.416690472633428, 0.00603917516985153
10.618206027387046, 10.773149786539381, 13.416690472633428, 14.162062165557508, 0.0008107464561473319
10.618206027387046, 10.773149786539381, 14.162062165557508, 14.907433858481587, 0.0
10.773149786539381, 10.928093545691715, 0.0, 0.7453716929240793, 0.00150021101426457
10.773149786539381, 10.928093545691715, 0.7453716929240793, 1.4907433858481587, 0.0
10.773149786539381, 10.928093545691715, 1.4907433858481587, 2.236115078772238, 0.0023973158882967566
10.773149786539381, 10.928093545691715, 2.236115078772238, 2.9814867716963174, 0.002500131933098396
10.773149786539381, 10.928093545691715, 2.9814867716963174, 3.726858464620397, 0.0014370494447162561
10.773149786539381, 10.928093545691715, 3.726858464620397, 4.472230157544476, 0.0020803135734114883
10.773149786539381, 10.928093545691715, 4.472230157544476, 5.217601850468555, 0.014507045016189915
10.773149786539381, 10.928093545691715, 5.217601850468555, 5.962973543392635, 0.02729760875831283
10.773149786539381, 10.928093545691715, 5.962973543392635, 6.708345236316714, 0.04831749276174363
10.773149786539381, 10.928093545691715, 6.708345236316714, 7.453716929240794, 0.10120898979787422
10.773149786539381, 10.928093545691715, 7.453716929240794, 8.199088622164872, 0.11215778894685
10.773149786539381, 10.928093545691715, 8.199088622164872, 8.944460315088952, 0.15395064418958068
10.773149786539381, 10.928093545691715, 8.944460315088952, 9.689832008013031, 0.1800302369935854
10.773149786539381, 10.928093545691715, 9.689832008013031, 10.43520370093711, 0.1363157993922373
10.773149786539381, 10.928093545691715, 10.43520370093711, 11.18057539386119, 0.11291198508076358
10.773149786539381, 10.928093545691715, 11.18057539386119, 11.92594708678527, 0.06933288321865919
10.773149786539381, 10.928093545691715, 11.92594708678527, 12.671318779709349, 0.028113107494024205
10.773149786539381, 10.928093545691715, 12.671318779709349, 13.416690472633428, 0.003664672589999867
10.773149786539381, 10.928093545691715, 13.416690472633428, 14.162062165557508, 0.002276723906391747
10.773149786539381, 10.928093545691715, 14.162062165557508, 14.907433858481587, 0.0
10.928093545691715, 11.08303730484405, 0.0, 0.7453716929240793, 0.0
10.928093545691715, 11.08303730484405, 0.7453716929240793, 1.4907433858481587, 0.0
10.928093545691715, 11.08303730484405, 1.4907433858481587, 2.236115078772238, 0.001900369149110961
10.928093545691715, 11.08303730484405, 2.236115078772238, 2.9814867716963174, 0.0
10.928093545691715, 11.08303730484405, 2.9814867716963174, 3.726858464620397, 0.003956644130983073
10.928093545691715, 11.08303730484405, 3.726858464620397, 4.472230157544476, 0.003246195002248345
10.928093545691715, 11.08303730484405, 4.472230157544476, 5.217601850468555, 0.005642572416902393
10.928093545691715, 11.08303730484405, 5.217601850468555, 5.962973543392635, 0.014561531808472467
10.928093545691715, 11.08303730484405, 5.962973543392635, 6.708345236316714, 0.03809294742059965
10.928093545691715, 11.08303730484405, 6.708345236316714, 7.453716929240794, 0.0731920892275403
10.928093545691715, 11.08303730484405, 7.453716929240794, 8.199088622164872, 0.1334131180908543
10.928093545691715, 11.08303730484405, 8.199088622164872, 8.944460315088952, 0.1444949461952069
10.928093545691715, 11.08303730484405, 8.944460315088952, 9.689832008013031, 0.16819474691892847
10.928093545691715, 11.08303730484405, 9.689832008013031, 10.43520370093711, 0.16590824884472885
10.928093545691715, 11.08303730484405, 10.43520370093711, 11.18057539386119, 0.11657127199000109
10.928093545691715, 11.08303730484405, 11.18057539386119, 11.92594708678527, 0.08488904037799186
10.928093545691715, 11.08303730484405, 11.92594708678527, 12.671318779709349, 0.03818058547910575
10.928093545691715, 11.08303730484405, 12.671318779709349, 13.416690472633428, 0.0060241748488602115
10.928093545691715, 11.08303730484405, 13.416690472633428, 14.162062165557508, 0.0017315180984653286
10.928093545691715, 11.08303730484405, 14.162062165557508, 14.907433858481587, 0.0
11.08303730484405, 11.237981063996385, 0.0, 0.7453716929240793, 0.0
11.08303730484405, 11.237981063996385, 0.7453716929240793, 1.4907433858481587, 0.000475818429934774
11.08303730484405, 11.237981063996385, 1.4907433858481587, 2.236115078772238, 0.0
11.08303730484405, 11.237981063996385, 2.236115078772238, 2.9814867716963174, 0.0010740933457642505
11.08303730484405, 11.237981063996385, 2.9814867716963174, 3.726858464620397, 0.001398473812537013
11.08303730484405, 11.237981063996385, 3.726858464620397, 4.472230157544476, 0.0004732407984301162
11.08303730484405, 11.237981063996385, 4.472230157544476, 5.217601850468555, 0.0016507774809327253
11.08303730484405, 11.237981063996385, 5.217601850468555, 5.962973543392635, 0.008132115191772352
11.08303730484405, 11.237981063996385, 5.962973543392635, 6.708345236316714, 0.022394377533546606
11.08303730484405, 11.237981063996385, 6.708345236316714, 7.453716929240794, 0.03820877746285987
11.08303730484405, 11.237981063996385, 7.453716929240794, 8.199088622164872, 0.08704623456563731
11.08303730484405, 11.237981063996385, 8.199088622164872, 8.944460315088952, 0.14047244639408382
11.08303730484405, 11.237981063996385, 8.944460315088952, 9.689832008013031, 0.1894514988720547
11.08303730484405, 11.237981063996385, 9.689832008013031, 10.43520370093711, 0.1897070136713023
11.08303730484405, 11.237981063996385, 10.43520370093711, 11.18057539386119, 0.17515071644079425
11.08303730484405, 11.237981063996385, 11.18057539386119, 11.92594708678527, 0.09956611717986412
11.08303730484405, 11.237981063996385, 11.92594708678527, 12.671318779709349, 0.037361751859947494
11.08303730484405, 11.237981063996385, 12.671318779709349, 13.416690472633428, 0.0060054307721568055
11.08303730484405, 11.237981063996385, 13.416690472633428, 14.162062165557508, 0.0004272527116530251
11.08303730484405, 11.237981063996385, 14.162062165557508, 14.907433858481587, 0.0010038634767286132
11.237981063996385, 11.392924823148718, 0.0, 0.7453716929240793, 0.0
11.237981063996385, 11.392924823148718, 0.7453716929240793, 1.4907433858481587, 0.0
11.237981063996385, 11.392924823148718, 1.4907433858481587, 2.236115078772238, 0.0
11.237981063996385, 11.392924823148718, 2.236115078772238, 2.9814867716963174, 0.0
11.237981063996385, 11.392924823148718, 2.9814867716963174, 3.726858464620397, 0.000958743659255391
11.237981063996385, 11.392924823148718, 3.726858464620397, 4.472230157544476, 0.0
11.237981063996385, 11.392924823148718, 4.472230157544476, 5.217601850468555, 0.015652856337854862
11.237981063996385, 11.392924823148718, 5.217601850468555, 5.962973543392635, 0.004593056279773714
11.237981063996385, 11.392924823148718, 5.962973543392635, 6.708345236316714, 0.021404580429972564
11.237981063996385, 11.392924823148718, 6.708345236316714, 7.453716929240794, 0.03091317887431589
11.237981063996385, 11.392924823148718, 7.453716929240794, 8.199088622164872, 0.0684489362014621
11.237981063996385, 11.392924823148718, 8.199088622164872, 8.944460315088952, 0.12686351283216885
11.237981063996385, 11.392924823148718, 8.944460315088952, 9.689832008013031, 0.20193703380592895
11.237981063996385, 11.392924823148718, 9.689832008013031, 10.43520370093711, 0.18678495354580557
11.237981063996385, 11.392924823148718, 10.43520370093711, 11.18057539386119, 0.17641386877655507
11.237981063996385, 11.392924823148718, 11.18057539386119, 11.92594708678527, 0.1132980121905812
11.237981063996385, 11.392924823148718, 11.92594708678527, 12.671318779709349, 0.041693005471714895
11.237981063996385, 11.392924823148718, 12.671318779709349, 13.416690472633428, 0.008828449966935754
11.237981063996385, 11.392924823148718, 13.416690472633428, 14.162062165557508, 0.0017341092503213014
11.237981063996385, 11.392924823148718, 14.162062165557508, 14.907433858481587, 0.0004757023773538485
11.392924823148718, 11.547868582301053, 0.0, 0.7453716929240793, 0.003993830046528121
11.392924823148718, 11.547868582301053, 0.7453716929240793, 1.4907433858481587, 0.0
11.392924823148718, 11.547868582301053, 1.4907433858481587, 2.236115078772238, 0.0
11.392924823148718, 11.547868582301053, 2.236115078772238, 2.9814867716963174, 0.0
11.392924823148718, 11.547868582301053, 2.9814867716963174, 3.726858464620397, 0.0
11.392924823148718, 11.547868582301053, 3.726858464620397, 4.472230157544476, 0.0034754348696062775
11.392924823148718, 11.547868582301053, 4.472230157544476, 5.217601850468555, 0.007426450957151801
11.392924823148718, 11.547868582301053, 5.217601850468555, 5.962973543392635, 0.0033218013060094653
11.392924823148718, 11.547868582301053, 5.962973543392635, 6.708345236316714, 0.016879488178507564
11.392924823148718, 11.547868582301053, 6.708345236316714, 7.453716929240794, 0.04500305567275435
11.392924823148718, 11.547868582301053, 7.453716929240794, 8.199088622164872, 0.042518530593205366
11.392924823148718, 11.547868582301053, 8.199088622164872, 8.944460315088952, 0.13072576169422975
11.392924823148718, 11.547868582301053, 8.944460315088952, 9.689832008013031, 0.18486200944098005
11.392924823148718, 11.547868582301053, 9.689832008013031, 10.43520370093711, 0.20227812644768234
11.392924823148718, 11.547868582301053, 10.43520370093711, 11.18057539386119, 0.19243969604780595
11.392924823148718, 11.547868582301053, 11.18057539386119, 11.92594708678527, 0.0944095125036848
11.392924823148718, 11.547868582301053, 11.92594708678527, 12.671318779709349, 0.05670439284379447
11.392924823148718, 11.547868582301053, 12.671318779709349, 13.416690472633428, 0.01430294744877836
11.392924823148718, 11.547868582301053, 13.416690472633428, 14.162062165557508, 0.0016589619492814436
11.392924823148718, 11.547868582301053, 14.162062165557508, 14.907433858481587, 0.0
11.547868582301053, 11.702812341453388, 0.0, 0.7453716929240793, 0.004923396409137803
11.547868582301053, 11.702812341453388, 0.7453716929240793, 1.4907433858481587, 0.0
11.547868582301053, 11.702812341453388, 1.4907433858481587, 2.236115078772238, 0.0
11.547868582301053, 11.702812341453388, 2.236115078772238, 2.9814867716963174, 0.0
11.547868582301053, 11.702812341453388, 2.9814867716963174, 3.726858464620397, 0.0
11.547868582301053, 11.702812341453388, 3.726858464620397, 4.472230157544476, 0.0022109430452539325
11.547868582301053, 11.702812341453388, 4.472230157544476, 5.217601850468555, 0.0
11.547868582301053, 11.702812341453388, 5.217601850468555, 5.962973543392635, 0.011672508709500484
11.547868582301053, 11.702812341453388, 5.962973543392635, 6.708345236316714, 0.006853977391404139
11.547868582301053, 11.702812341453388, 6.708345236316714, 7.453716929240794, 0.020324356837182343
11.547868582301053, 11.702812341453388, 7.453716929240794, 8.199088622164872, 0.05767128518811805
11.547868582301053, 11.702812341453388, 8.199088622164872, 8.944460315088952, 0.068266875498179
11.547868582301053, 11.702812341453388, 8.944460315088952, 9.689832008013031, 0.16139780438450255
11.547868582301053, 11.702812341453388, 9.689832008013031, 10.43520370093711, 0.1875553934990084
11.547868582301053, 11.702812341453388, 10.43520370093711, 11.18057539386119, 0.21176958690610462
11.547868582301053, 11.702812341453388, 11.18057539386119, 11.92594708678527, 0.19689182148656384
11.547868582301053, 11.702812341453388, 11.92594708678527, 12.671318779709349, 0.05962902942559981
11.547868582301053, 11.702812341453388, 12.671318779709349, 13.416690472633428, 0.006593716965210471
11.547868582301053, 11.702812341453388, 13.416690472633428, 14.162062165557508, 0.003300768828472746
11.547868582301053, 11.702812341453388, 14.162062165557508, 14.907433858481587, 0.0009385354257617293
11.702812341453388, 11.857756100605723, 0.0, 0.7453716929240793, 0.0
11.702812341453388, 11.857756100605723, 0.7453716929240793, 1.4907433858481587, 0.0
11.702812341453388, 11.857756100605723, 1.4907433858481587, 2.236115078772238, 0.0
11.702812341453388, 11.857756100605723, 2.236115078772238, 2.9814867716963174, 0.0
11.702812341453388, 11.857756100605723, 2.9814867716963174, 3.726858464620397, 0.0
11.702812341453388, 11.857756100605723, 3.726858464620397, 4.472230157544476, 0.0
11.702812341453388, 11.857756100605723, 4.472230157544476, 5.217601850468555, 0.004707556973204103
11.702812341453388, 11.857756100605723, 5.217601850468555, 5.962973543392635, 0.0
11.702812341453388, 11.857756100605723, 5.962973543392635, 6.708345236316714, 0.008387471764516883
11.702812341453388, 11.857756100605723, 6.708345236316714, 7.453716929240794, 0.014851397307253256
11.702812341453388, 11.857756100605723, 7.453716929240794, 8.199088622164872, 0.06813362522719837
11.702812341453388, 11.857756100605723, 8.199088622164872, 8.944460315088952, 0.09053190326604524
11.702812341453388, 11.857756100605723, 8.944460315088952, 9.689832008013031, 0.13855330018957793
11.702812341453388, 11.857756100605723, 9.689832008013031, 10.43520370093711, 0.1816862431218628
11.702812341453388, 11.857756100605723, 10.43520370093711, 11.18057539386119, 0.2515029345552999
11.702812341453388, 11.857756100605723, 11.18057539386119, 11.92594708678527, 0.13152264818252207
11.702812341453388, 11.857756100605723, 11.92594708678527, 12.671318779709349, 0.08577271389183919
11.702812341453388, 11.857756100605723, 12.671318779709349, 13.416690472633428, 0.020730182799125387
11.702812341453388, 11.857756100605723, 13.416690472633428, 14.162062165557508, 0.0013846293475327724
11.702812341453388, 11.857756100605723, 14.162062165557508, 14.907433858481587, 0.0022353933740221783
11.857756100605723, 12.012699859758056, 0.0, 0.7453716929240793, 0.0
11.857756100605723, 12.012699859758056, 0.7453716929240793, 1.4907433858481587, 0.0
11.857756100605723, 12.012699859758056, 1.4907433858481587, 2.236115078772238, 0.0
11.857756100605723, 12.012699859758056, 2.236115078772238, 2.9814867716963174, 0.0
11.857756100605723, 12.012699859758056, 2.9814867716963174, 3.726858464620397, 0.0
11.857756100605723, 12.012699859758056, 3.726858464620397, 4.472230157544476, 0.0
11.857756100605723, 12.012699859758056, 4.472230157544476, 5.217601850468555, 0.0028570170908700657
11.857756100605723, 12.012699859758056, 5.217601850468555, 5.962973543392635, 0.01227558540724901
11.857756100605723, 12.012699859758056, 5.962973543392635, 6.708345236316714, 0.009883182862139506
11.857756100605723, 12.012699859758056, 6.708345236316714, 7.453716929240794, 0.0
11.857756100605723, 12.012699859758056, 7.453716929240794, 8.199088622164872, 0.025993963901609796
11.857756100605723, 12.012699859758056, 8.199088622164872, 8.944460315088952, 0.0012589999886147038
11.857756100605723, 12.012699859758056, 8.944460315088952, 9.689832008013031, 0.07827266264982845
11.857756100605723, 12.012699859758056, 9.689832008013031, 10.43520370093711, 0.17192051225046562
11.857756100605723, 12.012699859758056, 10.43520370093711, 11.18057539386119, 0.3047546098403175
11.857756100605723, 12.012699859758056, 11.18057539386119, 11.92594708678527, 0.2057058215264669
11.857756100605723, 12.012699859758056, 11.92594708678527, 12.671318779709349, 0.15331659188776517
11.857756100605723, 12.012699859758056, 12.671318779709349, 13.416690472633428, 0.01949075559644864
11.857756100605723, 12.012699859758056, 13.416690472633428, 14.162062165557508, 0.014270296998224527
11.857756100605723, 12.012699859758056, 14.162062165557508, 14.907433858481587, 0.0
12.012699859758056, 12.167643618910391, 0.0, 0.7453716929240793, 0.0
12.012699859758056, 12.167643618910391, 0.7453716929240793, 1.4907433858481587, 0.0
12.012699859758056, 12.167643618910391, 1.4907433858481587, 2.236115078772238, 0.0
12.012699859758056, 12.167643618910391, 2.236115078772238, 2.9814867716963174, 0.0
12.012699859758056, 12.167643618910391, 2.9814867716963174, 3.726858464620397, 0.0
12.012699859758056, 12.167643618910391, 3.726858464620397, 4.472230157544476, 0.0
12.012699859758056, 12.167643618910391, 4.472230157544476, 5.217601850468555, 0.0
12.012699859758056, 12.167643618910391, 5.217601850468555, 5.962973543392635, 0.008249194017478942
12.012699859758056, 12.167643618910391, 5.962973543392635, 6.708345236316714, 0.018575491524552207
12.012699859758056, 12.167643618910391, 6.708345236316714, 7.453716929240794, 0.018516024907361667
12.012699859758056, 12.167643618910391, 7.453716929240794, 8.199088622164872, 0.031589926445217825
12.012699859758056, 12.167643618910391, 8.199088622164872, 8.944460315088952, 0.12658963378190122
12.012699859758056, 12.167643618910391, 8.944460315088952, 9.689832008013031, 0.10920136194042888
12.012699859758056, 12.167643618910391, 9.689832008013031, 10.43520370093711, 0.12970651690749563
12.012699859758056, 12.167643618910391, 10.43520370093711, 11.18057539386119, 0.13863042902319658
12.012699859758056, 12.167643618910391, 11.18057539386119, 11.92594708678527, 0.19765501066469035
12.012699859758056, 12.167643618910391, 11.92594708678527, 12.671318779709349, 0.19010954340737052
12.012699859758056, 12.167643618910391, 12.671318779709349, 13.416690472633428, 0.02016998869282258
12.012699859758056, 12.167643618910391, 13.416690472633428, 14.162062165557508, 0.011006878687483589
12.012699859758056, 12.167643618910391, 14.162062165557508, 14.907433858481587, 0.0
