# Log Gross Income (lower edge), Log Gross Income (upper edge), Log Gross Wealth (lower edge), Log Gross Wealth (upper edge), Probability
8.294049640102028, 8.448993399254363, 0.0, 0.8032769200109822, 0.033699461564435866
8.294049640102028, 8.448993399254363, 0.8032769200109822, 1.6065538400219643, 0.06463201006582917
8.294049640102028, 8.448993399254363, 1.6065538400219643, 2.4098307600329463, 0.056180404252392666
8.294049640102028, 8.448993399254363, 2.4098307600329463, 3.2131076800439287, 0.0
8.294049640102028, 8.448993399254363, 3.2131076800439287, 4.016384600054911, 0.053517796435264636
8.294049640102028, 8.448993399254363, 4.016384600054911, 4.8196615200658925, 0.043238919700303136
8.294049640102028, 8.448993399254363, 4.8196615200658925, 5.622938440076875, 0.10785785198829051
8.294049640102028, 8.448993399254363, 5.622938440076875, 6.426215360087857, 0.16197330061717216
8.294049640102028, 8.448993399254363, 6.426215360087857, 7.22949228009884, 0.029372319900617602
8.294049640102028, 8.448993399254363, 7.22949228009884, 8.032769200109822, 0.0667684015705756
8.294049640102028, 8.448993399254363, 8.032769200109822, 8.836046120120804, 0.1602449421238418
8.294049640102028, 8.448993399254363, 8.836046120120804, 9.639323040131785, 0.06524823373457772
8.294049640102028, 8.448993399254363, 9.639323040131785, 10.442599960142768, 0.054127239254181496
8.294049640102028, 8.448993399254363, 10.442599960142768, 11.24587688015375, 0.09172864818390782
8.294049640102028, 8.448993399254363, 11.24587688015375, 12.049153800164733, 0.011410470608609858
8.294049640102028, 8.448993399254363, 12.049153800164733, 12.852430720175715, 0.0
8.294049640102028, 8.448993399254363, 12.852430720175715, 13.655707640186696, 0.0
8.294049640102028, 8.448993399254363, 13.655707640186696, 14.45898456019768, 0.0
8.294049640102028, 8.448993399254363, 14.45898456019768, 15.262261480208661, 0.0
8.294049640102028, 8.448993399254363, 15.262261480208661, 16.065538400219644, 0.0
8.448993399254363, 8.603937158406696, 0.0, 0.8032769200109822, 0.053940352600410836
8.448993399254363, 8.603937158406696, 0.8032769200109822, 1.6065538400219643, 0.0
8.448993399254363, 8.603937158406696, 1.6065538400219643, 2.4098307600329463, 0.08725747941336835
8.448993399254363, 8.603937158406696, 2.4098307600329463, 3.2131076800439287, 0.0
8.448993399254363, 8.603937158406696, 3.2131076800439287, 4.016384600054911, 0.031602826249414594
8.448993399254363, 8.603937158406696, 4.016384600054911, 4.8196615200658925, 0.032323104997298305
8.448993399254363, 8.603937158406696, 4.8196615200658925, 5.622938440076875, 0.05026295300795356
8.448993399254363, 8.603937158406696, 5.622938440076875, 6.426215360087857, 0.14525175754923483
8.448993399254363, 8.603937158406696, 6.426215360087857, 7.22949228009884, 0.07933930937285476
8.448993399254363, 8.603937158406696, 7.22949228009884, 8.032769200109822, 0.11985589790894012
8.448993399254363, 8.603937158406696, 8.032769200109822, 8.836046120120804, 0.0550247091224218
8.448993399254363, 8.603937158406696, 8.836046120120804, 9.639323040131785, 0.11534708178806755
8.448993399254363, 8.603937158406696, 9.639323040131785, 10.442599960142768, 0.05493021257408783
8.448993399254363, 8.603937158406696, 10.442599960142768, 11.24587688015375, 0.0698526252763816
8.448993399254363, 8.603937158406696, 11.24587688015375, 12.049153800164733, 0.0990293995894622
8.448993399254363, 8.603937158406696, 12.049153800164733, 12.852430720175715, 0.0
8.448993399254363, 8.603937158406696, 12.852430720175715, 13.655707640186696, 0.005982290550103785
8.448993399254363, 8.603937158406696, 13.655707640186696, 14.45898456019768, 0.0
8.448993399254363, 8.603937158406696, 14.45898456019768, 15.262261480208661, 0.0
8.448993399254363, 8.603937158406696, 15.262261480208661, 16.065538400219644, 0.0
8.603937158406696, 8.758880917559031, 0.0, 0.8032769200109822, 0.00790134449475808
8.603937158406696, 8.758880917559031, 0.8032769200109822, 1.6065538400219643, 0.0
8.603937158406696, 8.758880917559031, 1.6065538400219643, 2.4098307600329463, 0.03776173720413729
8.603937158406696, 8.758880917559031, 2.4098307600329463, 3.2131076800439287, 0.041614442000485495
8.603937158406696, 8.758880917559031, 3.2131076800439287, 4.016384600054911, 0.043131249543046785
8.603937158406696, 8.758880917559031, 4.016384600054911, 4.8196615200658925, 0.05092968370819553
8.603937158406696, 8.758880917559031, 4.8196615200658925, 5.622938440076875, 0.11267176607375261
8.603937158406696, 8.758880917559031, 5.622938440076875, 6.426215360087857, 0.17266603728439553
8.603937158406696, 8.758880917559031, 6.426215360087857, 7.22949228009884, 0.09777496718200972
8.603937158406696, 8.758880917559031, 7.22949228009884, 8.032769200109822, 0.0914266332319662
8.603937158406696, 8.758880917559031, 8.032769200109822, 8.836046120120804, 0.1326618524049755
8.603937158406696, 8.758880917559031, 8.836046120120804, 9.639323040131785, 0.0916877445334514
8.603937158406696, 8.758880917559031, 9.639323040131785, 10.442599960142768, 0.0793564951514195
8.603937158406696, 8.758880917559031, 10.442599960142768, 11.24587688015375, 0.022827151043953935
8.603937158406696, 8.758880917559031, 11.24587688015375, 12.049153800164733, 0.007815317538628784
8.603937158406696, 8.758880917559031, 12.049153800164733, 12.852430720175715, 0.009773578604823512
8.603937158406696, 8.758880917559031, 12.852430720175715, 13.655707640186696, 0.0
8.603937158406696, 8.758880917559031, 13.655707640186696, 14.45898456019768, 0.0
8.603937158406696, 8.758880917559031, 14.45898456019768, 15.262261480208661, 0.0
8.603937158406696, 8.758880917559031, 15.262261480208661, 16.065538400219644, 0.0
8.758880917559031, 8.913824676711366, 0.0, 0.8032769200109822, 0.04480627406691783
8.758880917559031, 8.913824676711366, 0.8032769200109822, 1.6065538400219643, 0.017470459191884048
8.758880917559031, 8.913824676711366, 1.6065538400219643, 2.4098307600329463, 0.034333195507493
8.758880917559031, 8.913824676711366, 2.4098307600329463, 3.2131076800439287, 0.010381404026131783
8.758880917559031, 8.913824676711366, 3.2131076800439287, 4.016384600054911, 0.05092721526799992
8.758880917559031, 8.913824676711366, 4.016384600054911, 4.8196615200658925, 0.057586861526577326
8.758880917559031, 8.913824676711366, 4.8196615200658925, 5.622938440076875, 0.07842527322393011
8.758880917559031, 8.913824676711366, 5.622938440076875, 6.426215360087857, 0.09666712596140575
8.758880917559031, 8.913824676711366, 6.426215360087857, 7.22949228009884, 0.1062342452869155
8.758880917559031, 8.913824676711366, 7.22949228009884, 8.032769200109822, 0.14951933926340663
8.758880917559031, 8.913824676711366, 8.032769200109822, 8.836046120120804, 0.08518703335968263
8.758880917559031, 8.913824676711366, 8.836046120120804, 9.639323040131785, 0.1103713044918638
8.758880917559031, 8.913824676711366, 9.639323040131785, 10.442599960142768, 0.056903765066117384
8.758880917559031, 8.913824676711366, 10.442599960142768, 11.24587688015375, 0.05856917417182812
8.758880917559031, 8.913824676711366, 11.24587688015375, 12.049153800164733, 0.03650595516876071
8.758880917559031, 8.913824676711366, 12.049153800164733, 12.852430720175715, 0.0027289657281068026
8.758880917559031, 8.913824676711366, 12.852430720175715, 13.655707640186696, 0.0
8.758880917559031, 8.913824676711366, 13.655707640186696, 14.45898456019768, 0.003382408690978543
8.758880917559031, 8.913824676711366, 14.45898456019768, 15.262261480208661, 0.0
8.758880917559031, 8.913824676711366, 15.262261480208661, 16.065538400219644, 0.0
8.913824676711366, 9.068768435863701, 0.0, 0.8032769200109822, 0.02018104211621267
8.913824676711366, 9.068768435863701, 0.8032769200109822, 1.6065538400219643, 0.006212229051989911
8.913824676711366, 9.068768435863701, 1.6065538400219643, 2.4098307600329463, 0.03385034911670141
8.913824676711366, 9.068768435863701, 2.4098307600329463, 3.2131076800439287, 0.026341289038918508
8.913824676711366, 9.068768435863701, 3.2131076800439287, 4.016384600054911, 0.04316249358721069
8.913824676711366, 9.068768435863701, 4.016384600054911, 4.8196615200658925, 0.08756532024307162
8.913824676711366, 9.068768435863701, 4.8196615200658925, 5.622938440076875, 0.07690555296923234
8.913824676711366, 9.068768435863701, 5.622938440076875, 6.426215360087857, 0.100225892285326
8.913824676711366, 9.068768435863701, 6.426215360087857, 7.22949228009884, 0.09380908520607495
8.913824676711366, 9.068768435863701, 7.22949228009884, 8.032769200109822, 0.08945724216405496
8.913824676711366, 9.068768435863701, 8.032769200109822, 8.836046120120804, 0.09988581903963577
8.913824676711366, 9.068768435863701, 8.836046120120804, 9.639323040131785, 0.1433779641082753
8.913824676711366, 9.068768435863701, 9.639323040131785, 10.442599960142768, 0.08646308002151461
8.913824676711366, 9.068768435863701, 10.442599960142768, 11.24587688015375, 0.04624188667336379
8.913824676711366, 9.068768435863701, 11.24587688015375, 12.049153800164733, 0.02678689656796462
8.913824676711366, 9.068768435863701, 12.049153800164733, 12.852430720175715, 0.01364354728857179
8.913824676711366, 9.068768435863701, 12.852430720175715, 13.655707640186696, 0.005890310521880901
8.913824676711366, 9.068768435863701, 13.655707640186696, 14.45898456019768, 0.0
8.913824676711366, 9.068768435863701, 14.45898456019768, 15.262261480208661, 0.0
8.913824676711366, 9.068768435863701, 15.262261480208661, 16.065538400219644, 0.0
9.068768435863701, 9.223712195016034, 0.0, 0.8032769200109822, 0.014966011400929525
9.068768435863701, 9.223712195016034, 0.8032769200109822, 1.6065538400219643, 0.007264666090431019
9.068768435863701, 9.223712195016034, 1.6065538400219643, 2.4098307600329463, 0.02428812313693532
9.068768435863701, 9.223712195016034, 2.4098307600329463, 3.2131076800439287, 0.02198025476372281
9.068768435863701, 9.223712195016034, 3.2131076800439287, 4.016384600054911, 0.05599612822592309
9.068768435863701, 9.223712195016034, 4.016384600054911, 4.8196615200658925, 0.05339935218408414
9.068768435863701, 9.223712195016034, 4.8196615200658925, 5.622938440076875, 0.07488270973270758
9.068768435863701, 9.223712195016034, 5.622938440076875, 6.426215360087857, 0.10360886950671219
9.068768435863701, 9.223712195016034, 6.426215360087857, 7.22949228009884, 0.10184813725780208
9.068768435863701, 9.223712195016034, 7.22949228009884, 8.032769200109822, 0.10795701304407897
9.068768435863701, 9.223712195016034, 8.032769200109822, 8.836046120120804, 0.14136239475973106
9.068768435863701, 9.223712195016034, 8.836046120120804, 9.639323040131785, 0.10120362564158415
9.068768435863701, 9.223712195016034, 9.639323040131785, 10.442599960142768, 0.10999912007966244
9.068768435863701, 9.223712195016034, 10.442599960142768, 11.24587688015375, 0.04497802692644001
9.068768435863701, 9.223712195016034, 11.24587688015375, 12.049153800164733, 0.023857476094395928
9.068768435863701, 9.223712195016034, 12.049153800164733, 12.852430720175715, 0.00871619137514996
9.068768435863701, 9.223712195016034, 12.852430720175715, 13.655707640186696, 0.0036918997797097783
9.068768435863701, 9.223712195016034, 13.655707640186696, 14.45898456019768, 0.0
9.068768435863701, 9.223712195016034, 14.45898456019768, 15.262261480208661, 0.0
9.068768435863701, 9.223712195016034, 15.262261480208661, 16.065538400219644, 0.0
9.223712195016034, 9.37865595416837, 0.0, 0.8032769200109822, 0.017399865933292204
9.223712195016034, 9.37865595416837, 0.8032769200109822, 1.6065538400219643, 0.008521143758966183
9.223712195016034, 9.37865595416837, 1.6065538400219643, 2.4098307600329463, 0.033222779416393344
9.223712195016034, 9.37865595416837, 2.4098307600329463, 3.2131076800439287, 0.007382775702502645
9.223712195016034, 9.37865595416837, 3.2131076800439287, 4.016384600054911, 0.04412301747575542
9.223712195016034, 9.37865595416837, 4.016384600054911, 4.8196615200658925, 0.049603387775089346
9.223712195016034, 9.37865595416837, 4.8196615200658925, 5.622938440076875, 0.07071291464522893
9.223712195016034, 9.37865595416837, 5.622938440076875, 6.426215360087857, 0.09198519207440435
9.223712195016034, 9.37865595416837, 6.426215360087857, 7.22949228009884, 0.09734332631679009
9.223712195016034, 9.37865595416837, 7.22949228009884, 8.032769200109822, 0.1347174920821457
9.223712195016034, 9.37865595416837, 8.032769200109822, 8.836046120120804, 0.11814268828075744
9.223712195016034, 9.37865595416837, 8.836046120120804, 9.639323040131785, 0.15752676206266858
9.223712195016034, 9.37865595416837, 9.639323040131785, 10.442599960142768, 0.09382713004185972
9.223712195016034, 9.37865595416837, 10.442599960142768, 11.24587688015375, 0.048880824140713736
9.223712195016034, 9.37865595416837, 11.24587688015375, 12.049153800164733, 0.0170954887566671
9.223712195016034, 9.37865595416837, 12.049153800164733, 12.852430720175715, 0.00563630400926744
9.223712195016034, 9.37865595416837, 12.852430720175715, 13.655707640186696, 0.0038789075274978145
9.223712195016034, 9.37865595416837, 13.655707640186696, 14.45898456019768, 0.0
9.223712195016034, 9.37865595416837, 14.45898456019768, 15.262261480208661, 0.0
9.223712195016034, 9.37865595416837, 15.262261480208661, 16.065538400219644, 0.0
9.37865595416837, 9.533599713320704, 0.0, 0.8032769200109822, 0.02024324768568055
9.37865595416837, 9.533599713320704, 0.8032769200109822, 1.6065538400219643, 0.005946890585037193
9.37865595416837, 9.533599713320704, 1.6065538400219643, 2.4098307600329463, 0.023822260081744945
9.37865595416837, 9.533599713320704, 2.4098307600329463, 3.2131076800439287, 0.013795023090047907
9.37865595416837, 9.533599713320704, 3.2131076800439287, 4.016384600054911, 0.032608513633059236
9.37865595416837, 9.533599713320704, 4.016384600054911, 4.8196615200658925, 0.0503296649785438
9.37865595416837, 9.533599713320704, 4.8196615200658925, 5.622938440076875, 0.07305325929280332
9.37865595416837, 9.533599713320704, 5.622938440076875, 6.426215360087857, 0.10932604987126159
9.37865595416837, 9.533599713320704, 6.426215360087857, 7.22949228009884, 0.1185878096060922
9.37865595416837, 9.533599713320704, 7.22949228009884, 8.032769200109822, 0.10610841242370198
9.37865595416837, 9.533599713320704, 8.032769200109822, 8.836046120120804, 0.1355437448601246
9.37865595416837, 9.533599713320704, 8.836046120120804, 9.639323040131785, 0.1121475592800134
9.37865595416837, 9.533599713320704, 9.639323040131785, 10.442599960142768, 0.1086114213650092
9.37865595416837, 9.533599713320704, 10.442599960142768, 11.24587688015375, 0.060501930946586666
9.37865595416837, 9.533599713320704, 11.24587688015375, 12.049153800164733, 0.02074305815765734
9.37865595416837, 9.533599713320704, 12.049153800164733, 12.852430720175715, 0.007021835423404346
9.37865595416837, 9.533599713320704, 12.852430720175715, 13.655707640186696, 0.0013030701617570645
9.37865595416837, 9.533599713320704, 13.655707640186696, 14.45898456019768, 0.0003062485574747013
9.37865595416837, 9.533599713320704, 14.45898456019768, 15.262261480208661, 0.0
9.37865595416837, 9.533599713320704, 15.262261480208661, 16.065538400219644, 0.0
9.533599713320704, 9.68854347247304, 0.0, 0.8032769200109822, 0.014873265254254874
9.533599713320704, 9.68854347247304, 0.8032769200109822, 1.6065538400219643, 0.006519499476978327
9.533599713320704, 9.68854347247304, 1.6065538400219643, 2.4098307600329463, 0.007755748419947502
9.533599713320704, 9.68854347247304, 2.4098307600329463, 3.2131076800439287, 0.010632935466222331
9.533599713320704, 9.68854347247304, 3.2131076800439287, 4.016384600054911, 0.03255262644025431
9.533599713320704, 9.68854347247304, 4.016384600054911, 4.8196615200658925, 0.04936209333740162
9.533599713320704, 9.68854347247304, 4.8196615200658925, 5.622938440076875, 0.05914063932796491
9.533599713320704, 9.68854347247304, 5.622938440076875, 6.426215360087857, 0.10624307923218873
9.533599713320704, 9.68854347247304, 6.426215360087857, 7.22949228009884, 0.09716911207349473
9.533599713320704, 9.68854347247304, 7.22949228009884, 8.032769200109822, 0.11341970331066518
9.533599713320704, 9.68854347247304, 8.032769200109822, 8.836046120120804, 0.10804046387544455
9.533599713320704, 9.68854347247304, 8.836046120120804, 9.639323040131785, 0.15604472224614746
9.533599713320704, 9.68854347247304, 9.639323040131785, 10.442599960142768, 0.11447794364567215
9.533599713320704, 9.68854347247304, 10.442599960142768, 11.24587688015375, 0.06511931941686047
9.533599713320704, 9.68854347247304, 11.24587688015375, 12.049153800164733, 0.04376062396071596
9.533599713320704, 9.68854347247304, 12.049153800164733, 12.852430720175715, 0.013028128121408758
9.533599713320704, 9.68854347247304, 12.852430720175715, 13.655707640186696, 0.0003016676571506922
9.533599713320704, 9.68854347247304, 13.655707640186696, 14.45898456019768, 0.0015584287372271799
9.533599713320704, 9.68854347247304, 14.45898456019768, 15.262261480208661, 0.0
9.533599713320704, 9.68854347247304, 15.262261480208661, 16.065538400219644, 0.0
9.68854347247304, 9.843487231625373, 0.0, 0.8032769200109822, 0.007166767192948226
9.68854347247304, 9.843487231625373, 0.8032769200109822, 1.6065538400219643, 0.003087344718655777
9.68854347247304, 9.843487231625373, 1.6065538400219643, 2.4098307600329463, 0.013710067121655081
9.68854347247304, 9.843487231625373, 2.4098307600329463, 3.2131076800439287, 0.009734304929336177
9.68854347247304, 9.843487231625373, 3.2131076800439287, 4.016384600054911, 0.023245743611256055
9.68854347247304, 9.843487231625373, 4.016384600054911, 4.8196615200658925, 0.042800742488065105
9.68854347247304, 9.843487231625373, 4.8196615200658925, 5.622938440076875, 0.06523833714959663
9.68854347247304, 9.843487231625373, 5.622938440076875, 6.426215360087857, 0.09941172943239791
9.68854347247304, 9.843487231625373, 6.426215360087857, 7.22949228009884, 0.11252289890737101
9.68854347247304, 9.843487231625373, 7.22949228009884, 8.032769200109822, 0.11630798041707394
9.68854347247304, 9.843487231625373, 8.032769200109822, 8.836046120120804, 0.11579102148071974
9.68854347247304, 9.843487231625373, 8.836046120120804, 9.639323040131785, 0.12254454463968327
9.68854347247304, 9.843487231625373, 9.639323040131785, 10.442599960142768, 0.13522861749080314
9.68854347247304, 9.843487231625373, 10.442599960142768, 11.24587688015375, 0.08149149426111205
9.68854347247304, 9.843487231625373, 11.24587688015375, 12.049153800164733, 0.03304991459504895
9.68854347247304, 9.843487231625373, 12.049153800164733, 12.852430720175715, 0.011772338659794785
9.68854347247304, 9.843487231625373, 12.852430720175715, 13.655707640186696, 0.0064837079686308596
9.68854347247304, 9.843487231625373, 13.655707640186696, 14.45898456019768, 0.0004124449358512854
9.68854347247304, 9.843487231625373, 14.45898456019768, 15.262261480208661, 0.0
9.68854347247304, 9.843487231625373, 15.262261480208661, 16.065538400219644, 0.0
9.843487231625373, 9.998430990777708, 0.0, 0.8032769200109822, 0.008740668488201141
9.843487231625373, 9.998430990777708, 0.8032769200109822, 1.6065538400219643, 0.0006696920169086589
9.843487231625373, 9.998430990777708, 1.6065538400219643, 2.4098307600329463, 0.014581434284846255
9.843487231625373, 9.998430990777708, 2.4098307600329463, 3.2131076800439287, 0.012137866597349846
9.843487231625373, 9.998430990777708, 3.2131076800439287, 4.016384600054911, 0.01467010081041852
9.843487231625373, 9.998430990777708, 4.016384600054911, 4.8196615200658925, 0.02895816959794186
9.843487231625373, 9.998430990777708, 4.8196615200658925, 5.622938440076875, 0.058513145405595
9.843487231625373, 9.998430990777708, 5.622938440076875, 6.426215360087857, 0.08387659324970505
9.843487231625373, 9.998430990777708, 6.426215360087857, 7.22949228009884, 0.11215948617233995
9.843487231625373, 9.998430990777708, 7.22949228009884, 8.032769200109822, 0.11796015430543591
9.843487231625373, 9.998430990777708, 8.032769200109822, 8.836046120120804, 0.1158344718827558
9.843487231625373, 9.998430990777708, 8.836046120120804, 9.639323040131785, 0.12283852426185243
9.843487231625373, 9.998430990777708, 9.639323040131785, 10.442599960142768, 0.13729605234658004
9.843487231625373, 9.998430990777708, 10.442599960142768, 11.24587688015375, 0.08622837416960391
9.843487231625373, 9.998430990777708, 11.24587688015375, 12.049153800164733, 0.05126017450669537
9.843487231625373, 9.998430990777708, 12.049153800164733, 12.852430720175715, 0.0255532696512644
9.843487231625373, 9.998430990777708, 12.852430720175715, 13.655707640186696, 0.007428566115880233
9.843487231625373, 9.998430990777708, 13.655707640186696, 14.45898456019768, 0.0009670101922656574
9.843487231625373, 9.998430990777708, 14.45898456019768, 15.262261480208661, 0.000326245944360095
9.843487231625373, 9.998430990777708, 15.262261480208661, 16.065538400219644, 0.0
9.998430990777708, 10.153374749930043, 0.0, 0.8032769200109822, 0.007401291189259294
9.998430990777708, 10.153374749930043, 0.8032769200109822, 1.6065538400219643, 0.0038581926040228962
9.998430990777708, 10.153374749930043, 1.6065538400219643, 2.4098307600329463, 0.012032678044777501
9.998430990777708, 10.153374749930043, 2.4098307600329463, 3.2131076800439287, 0.01433280501042419
9.998430990777708, 10.153374749930043, 3.2131076800439287, 4.016384600054911, 0.017888715925443256
9.998430990777708, 10.153374749930043, 4.016384600054911, 4.8196615200658925, 0.03357259399366444
9.998430990777708, 10.153374749930043, 4.8196615200658925, 5.622938440076875, 0.037494033697442516
9.998430990777708, 10.153374749930043, 5.622938440076875, 6.426215360087857, 0.09673194848557683
9.998430990777708, 10.153374749930043, 6.426215360087857, 7.22949228009884, 0.08911879373884136
9.998430990777708, 10.153374749930043, 7.22949228009884, 8.032769200109822, 0.12528045061872506
9.998430990777708, 10.153374749930043, 8.032769200109822, 8.836046120120804, 0.11888034715405398
9.998430990777708, 10.153374749930043, 8.836046120120804, 9.639323040131785, 0.12137750544481136
9.998430990777708, 10.153374749930043, 9.639323040131785, 10.442599960142768, 0.12322396635649394
9.998430990777708, 10.153374749930043, 10.442599960142768, 11.24587688015375, 0.10304741541197623
9.998430990777708, 10.153374749930043, 11.24587688015375, 12.049153800164733, 0.06549249897316989
9.998430990777708, 10.153374749930043, 12.049153800164733, 12.852430720175715, 0.024283902611230396
9.998430990777708, 10.153374749930043, 12.852430720175715, 13.655707640186696, 0.004410609170080795
9.998430990777708, 10.153374749930043, 13.655707640186696, 14.45898456019768, 0.0013708829552043168
9.998430990777708, 10.153374749930043, 14.45898456019768, 15.262261480208661, 0.0002013686148018863
9.998430990777708, 10.153374749930043, 15.262261480208661, 16.065538400219644, 0.0
10.153374749930043, 10.308318509082376, 0.0, 0.8032769200109822, 0.0025043370949131174
10.153374749930043, 10.308318509082376, 0.8032769200109822, 1.6065538400219643, 0.001718326977353239
10.153374749930043, 10.308318509082376, 1.6065538400219643, 2.4098307600329463, 0.006487236764412008
10.153374749930043, 10.308318509082376, 2.4098307600329463, 3.2131076800439287, 0.01152141754227727
10.153374749930043, 10.308318509082376, 3.2131076800439287, 4.016384600054911, 0.019080456786601148
10.153374749930043, 10.308318509082376, 4.016384600054911, 4.8196615200658925, 0.026438069915355092
10.153374749930043, 10.308318509082376, 4.8196615200658925, 5.622938440076875, 0.03659466674927791
10.153374749930043, 10.308318509082376, 5.622938440076875, 6.426215360087857, 0.07484516217980028
10.153374749930043, 10.308318509082376, 6.426215360087857, 7.22949228009884, 0.09697290137103688
10.153374749930043, 10.308318509082376, 7.22949228009884, 8.032769200109822, 0.12057274580247947
10.153374749930043, 10.308318509082376, 8.032769200109822, 8.836046120120804, 0.11456627519156727
10.153374749930043, 10.308318509082376, 8.836046120120804, 9.639323040131785, 0.13211310852614241
10.153374749930043, 10.308318509082376, 9.639323040131785, 10.442599960142768, 0.11545943319765734
10.153374749930043, 10.308318509082376, 10.442599960142768, 11.24587688015375, 0.13058156326014153
10.153374749930043, 10.308318509082376, 11.24587688015375, 12.049153800164733, 0.07028553947145533
10.153374749930043, 10.308318509082376, 12.049153800164733, 12.852430720175715, 0.031295534273940995
10.153374749930043, 10.308318509082376, 12.852430720175715, 13.655707640186696, 0.00817053465767056
10.153374749930043, 10.308318509082376, 13.655707640186696, 14.45898456019768, 0.0007926902379182105
10.153374749930043, 10.308318509082376, 14.45898456019768, 15.262261480208661, 0.0
10.153374749930043, 10.308318509082376, 15.262261480208661, 16.065538400219644, 0.0
10.308318509082376, 10.463262268234711, 0.0, 0.8032769200109822, 0.0021353330711267196
10.308318509082376, 10.463262268234711, 0.8032769200109822, 1.6065538400219643, 0.00043906219849364203
10.308318509082376, 10.463262268234711, 1.6065538400219643, 2.4098307600329463, 0.001384219219317303
10.308318509082376, 10.463262268234711, 2.4098307600329463, 3.2131076800439287, 0.005462586409237767
10.308318509082376, 10.463262268234711, 3.2131076800439287, 4.016384600054911, 0.0038671667433562693
10.308318509082376, 10.463262268234711, 4.016384600054911, 4.8196615200658925, 0.014241212057228027
10.308318509082376, 10.463262268234711, 4.8196615200658925, 5.622938440076875, 0.03647578418317528
10.308318509082376, 10.463262268234711, 5.622938440076875, 6.426215360087857, 0.06179242869471817
10.308318509082376, 10.463262268234711, 6.426215360087857, 7.22949228009884, 0.0954959049548937
10.308318509082376, 10.463262268234711, 7.22949228009884, 8.032769200109822, 0.11710006482295486
10.308318509082376, 10.463262268234711, 8.032769200109822, 8.836046120120804, 0.12667803790161114
10.308318509082376, 10.463262268234711, 8.836046120120804, 9.639323040131785, 0.13246067999345673
10.308318509082376, 10.463262268234711, 9.639323040131785, 10.442599960142768, 0.1288141457287593
10.308318509082376, 10.463262268234711, 10.442599960142768, 11.24587688015375, 0.137623232745147
10.308318509082376, 10.463262268234711, 11.24587688015375, 12.049153800164733, 0.09115927597410507
10.308318509082376, 10.463262268234711, 12.049153800164733, 12.852430720175715, 0.036655108644427524
10.308318509082376, 10.463262268234711, 12.852430720175715, 13.655707640186696, 0.00768719682418929
10.308318509082376, 10.463262268234711, 13.655707640186696, 14.45898456019768, 0.0
10.308318509082376, 10.463262268234711, 14.45898456019768, 15.262261480208661, 0.00052855983380215
10.308318509082376, 10.463262268234711, 15.262261480208661, 16.065538400219644, 0.0
10.463262268234711, 10.618206027387046, 0.0, 0.8032769200109822, 0.0022483789940289816
10.463262268234711, 10.618206027387046, 0.8032769200109822, 1.6065538400219643, 0.002607680379840676
10.463262268234711, 10.618206027387046, 1.6065538400219643, 2.4098307600329463, 0.007808355628657125
10.463262268234711, 10.618206027387046, 2.4098307600329463, 3.2131076800439287, 0.0025991468749639113
10.463262268234711, 10.618206027387046, 3.2131076800439287, 4.016384600054911, 0.006358713510472363
10.463262268234711, 10.618206027387046, 4.016384600054911, 4.8196615200658925, 0.008568649989368377
10.463262268234711, 10.618206027387046, 4.8196615200658925, 5.622938440076875, 0.024296638925188744
10.463262268234711, 10.618206027387046, 5.622938440076875, 6.426215360087857, 0.0633398922891686
10.463262268234711, 10.618206027387046, 6.426215360087857, 7.22949228009884, 0.09867643785408305
10.463262268234711, 10.618206027387046, 7.22949228009884, 8.032769200109822, 0.11543353053727973
10.463262268234711, 10.618206027387046, 8.032769200109822, 8.836046120120804, 0.11753314718713861
10.463262268234711, 10.618206027387046, 8.836046120120804, 9.639323040131785, 0.13075779510975677
10.463262268234711, 10.618206027387046, 9.639323040131785, 10.442599960142768, 0.13447369364905298
10.463262268234711, 10.618206027387046, 10.442599960142768, 11.24587688015375, 0.13281683540334
10.463262268234711, 10.618206027387046, 11.24587688015375, 12.049153800164733, 0.09736532198927356
10.463262268234711, 10.618206027387046, 12.049153800164733, 12.852430720175715, 0.042463005512130884
10.463262268234711, 10.618206027387046, 12.852430720175715, 13.655707640186696, 0.011864234906072305
10.463262268234711, 10.618206027387046, 13.655707640186696, 14.45898456019768, 0.0007885412601831999
10.463262268234711, 10.618206027387046, 14.45898456019768, 15.262261480208661, 0.0
10.463262268234711, 10.618206027387046, 15.262261480208661, 16.065538400219644, 0.0
10.618206027387046, 10.773149786539381, 0.0, 0.8032769200109822, 0.000404302204690533
10.618206027387046, 10.773149786539381, 0.8032769200109822, 1.6065538400219643, 0.0
10.618206027387046, 10.773149786539381, 1.6065538400219643, 2.4098307600329463, 0.0014095880586718816
10.618206027387046, 10.773149786539381, 2.4098307600329463, 3.2131076800439287, 0.003258030909254477
10.618206027387046, 10.773149786539381, 3.2131076800439287, 4.016384600054911, 0.001462505413832387
10.618206027387046, 10.773149786539381, 4.016384600054911, 4.8196615200658925, 0.010195622795114689
10.618206027387046, 10.773149786539381, 4.8196615200658925, 5.622938440076875, 0.01684808349320997
10.618206027387046, 10.773149786539381, 5.622938440076875, 6.426215360087857, 0.04065122236629375
10.618206027387046, 10.773149786539381, 6.426215360087857, 7.22949228009884, 0.06970569490008426
10.618206027387046, 10.773149786539381, 7.22949228009884, 8.032769200109822, 0.09591970874517736
10.618206027387046, 10.773149786539381, 8.032769200109822, 8.836046120120804, 0.14632000639075238
10.618206027387046, 10.773149786539381, 8.836046120120804, 9.639323040131785, 0.14637326922750069
10.618206027387046, 10.773149786539381, 9.639323040131785, 10.442599960142768, 0.13804317750282805
10.618206027387046, 10.773149786539381, 10.442599960142768, 11.24587688015375, 0.15367158126947014
10.618206027387046, 10.773149786539381, 11.24587688015375, 12.049153800164733, 0.0999072919872372
10.618206027387046, 10.773149786539381, 12.049153800164733, 12.852430720175715, 0.055345261159493765
10.618206027387046, 10.773149786539381, 12.852430720175715, 13.655707640186696, 0.01654977226245551
10.618206027387046, 10.773149786539381, 13.655707640186696, 14.45898456019768, 0.0030652848543479953
10.618206027387046, 10.773149786539381, 14.45898456019768, 15.262261480208661, 0.0008695964595849042
10.618206027387046, 10.773149786539381, 15.262261480208661, 16.065538400219644, 0.0
10.773149786539381, 10.928093545691715, 0.0, 0.8032769200109822, 0.0014975080918658052
10.773149786539381, 10.928093545691715, 0.8032769200109822, 1.6065538400219643, 0.0
10.773149786539381, 10.928093545691715, 1.6065538400219643, 2.4098307600329463, 0.0025251799898507524
10.773149786539381, 10.928093545691715, 2.4098307600329463, 3.2131076800439287, 0.0022167322325104015
10.773149786539381, 10.928093545691715, 3.2131076800439287, 4.016384600054911, 0.001672257244913869
10.773149786539381, 10.928093545691715, 4.016384600054911, 4.8196615200658925, 0.005988680190585666
10.773149786539381, 10.928093545691715, 4.8196615200658925, 5.622938440076875, 0.015518859899534243
10.773149786539381, 10.928093545691715, 5.622938440076875, 6.426215360087857, 0.031133161675090552
10.773149786539381, 10.928093545691715, 6.426215360087857, 7.22949228009884, 0.06553390202287472
10.773149786539381, 10.928093545691715, 7.22949228009884, 8.032769200109822, 0.09153343117216624
10.773149786539381, 10.928093545691715, 8.032769200109822, 8.836046120120804, 0.1290494352307405
10.773149786539381, 10.928093545691715, 8.836046120120804, 9.639323040131785, 0.17116654334266826
10.773149786539381, 10.928093545691715, 9.639323040131785, 10.442599960142768, 0.13629356053514488
10.773149786539381, 10.928093545691715, 10.442599960142768, 11.24587688015375, 0.1373016547710353
10.773149786539381, 10.928093545691715, 11.24587688015375, 12.049153800164733, 0.11959142974227438
10.773149786539381, 10.928093545691715, 12.049153800164733, 12.852430720175715, 0.0641916492886025
10.773149786539381, 10.928093545691715, 12.852430720175715, 13.655707640186696, 0.01880368246567751
10.773149786539381, 10.928093545691715, 13.655707640186696, 14.45898456019768, 0.005982332104464351
10.773149786539381, 10.928093545691715, 14.45898456019768, 15.262261480208661, 0.0
10.773149786539381, 10.928093545691715, 15.262261480208661, 16.065538400219644, 0.0
10.928093545691715, 11.08303730484405, 0.0, 0.8032769200109822, 0.0
10.928093545691715, 11.08303730484405, 0.8032769200109822, 1.6065538400219643, 0.0
10.928093545691715, 11.08303730484405, 1.6065538400219643, 2.4098307600329463, 0.0019003691491109617
10.928093545691715, 11.08303730484405, 2.4098307600329463, 3.2131076800439287, 0.0007715048291430199
10.928093545691715, 11.08303730484405, 3.2131076800439287, 4.016384600054911, 0.002913188012930154
10.928093545691715, 11.08303730484405, 4.016384600054911, 4.8196615200658925, 0.006179134791925134
10.928093545691715, 11.08303730484405, 4.8196615200658925, 5.622938440076875, 0.009011355084808817
10.928093545691715, 11.08303730484405, 5.622938440076875, 6.426215360087857, 0.016475714054169005
10.928093545691715, 11.08303730484405, 6.426215360087857, 7.22949228009884, 0.05240402042496133
10.928093545691715, 11.08303730484405, 7.22949228009884, 8.032769200109822, 0.08233975307873194
10.928093545691715, 11.08303730484405, 8.032769200109822, 8.836046120120804, 0.13575500016352932
10.928093545691715, 11.08303730484405, 8.836046120120804, 9.639323040131785, 0.1295656844042175
10.928093545691715, 11.08303730484405, 9.639323040131785, 10.442599960142768, 0.14695742742067847
10.928093545691715, 11.08303730484405, 10.442599960142768, 11.24587688015375, 0.16438216322246002
10.928093545691715, 11.08303730484405, 11.24587688015375, 12.049153800164733, 0.14974956718254268
10.928093545691715, 11.08303730484405, 12.049153800164733, 12.852430720175715, 0.07027663033544007
10.928093545691715, 11.08303730484405, 12.852430720175715, 13.655707640186696, 0.022052243875948962
10.928093545691715, 11.08303730484405, 13.655707640186696, 14.45898456019768, 0.009068277517981489
10.928093545691715, 11.08303730484405, 14.45898456019768, 15.262261480208661, 0.0001979664514212242
10.928093545691715, 11.08303730484405, 15.262261480208661, 16.065538400219644, 0.0
11.08303730484405, 11.237981063996385, 0.0, 0.8032769200109822, 0.0
11.08303730484405, 11.237981063996385, 0.8032769200109822, 1.6065538400219643, 0.00047562408645527546
11.08303730484405, 11.237981063996385, 1.6065538400219643, 2.4098307600329463, 0.0
11.08303730484405, 11.237981063996385, 2.4098307600329463, 3.2131076800439287, 0.001984493780348588
11.08303730484405, 11.237981063996385, 3.2131076800439287, 4.016384600054911, 0.00048706348158337304
11.08303730484405, 11.237981063996385, 4.016384600054911, 4.8196615200658925, 0.00047304750775951264
11.08303730484405, 11.237981063996385, 4.8196615200658925, 5.622938440076875, 0.006376017533363018
11.08303730484405, 11.237981063996385, 5.622938440076875, 6.426215360087857, 0.011336241049489873
11.08303730484405, 11.237981063996385, 6.426215360087857, 7.22949228009884, 0.02395719875453166
11.08303730484405, 11.237981063996385, 7.22949228009884, 8.032769200109822, 0.05078842873184211
11.08303730484405, 11.237981063996385, 8.032769200109822, 8.836046120120804, 0.10688231490061284
11.08303730484405, 11.237981063996385, 8.836046120120804, 9.639323040131785, 0.13170480946847837
11.08303730484405, 11.237981063996385, 9.639323040131785, 10.442599960142768, 0.17480370185810992
11.08303730484405, 11.237981063996385, 10.442599960142768, 11.24587688015375, 0.20185499039812796
11.08303730484405, 11.237981063996385, 11.24587688015375, 12.049153800164733, 0.15864529286813106
11.08303730484405, 11.237981063996385, 12.049153800164733, 12.852430720175715, 0.09866007682656487
11.08303730484405, 11.237981063996385, 12.852430720175715, 13.655707640186696, 0.02421128036280058
11.08303730484405, 11.237981063996385, 13.655707640186696, 14.45898456019768, 0.0061462250196928315
11.08303730484405, 11.237981063996385, 14.45898456019768, 15.262261480208661, 0.0012131933721080887
11.08303730484405, 11.237981063996385, 15.262261480208661, 16.065538400219644, 0.0
11.237981063996385, 11.392924823148718, 0.0, 0.8032769200109822, 0.0
11.237981063996385, 11.392924823148718, 0.8032769200109822, 1.6065538400219643, 0.0
11.237981063996385, 11.392924823148718, 1.6065538400219643, 2.4098307600329463, 0.0
11.237981063996385, 11.392924823148718, 2.4098307600329463, 3.2131076800439287, 0.0
11.237981063996385, 11.392924823148718, 3.2131076800439287, 4.016384600054911, 0.0
11.237981063996385, 11.392924823148718, 4.016384600054911, 4.8196615200658925, 0.010912418441930633
11.237981063996385, 11.392924823148718, 4.8196615200658925, 5.622938440076875, 0.004341219375640085
11.237981063996385, 11.392924823148718, 5.622938440076875, 6.426215360087857, 0.007571247062689809
11.237981063996385, 11.392924823148718, 6.426215360087857, 7.22949228009884, 0.026521227820317426
11.237981063996385, 11.392924823148718, 7.22949228009884, 8.032769200109822, 0.040573973935071825
11.237981063996385, 11.392924823148718, 8.032769200109822, 8.836046120120804, 0.06888426134622222
11.237981063996385, 11.392924823148718, 8.836046120120804, 9.639323040131785, 0.1389471845161608
11.237981063996385, 11.392924823148718, 9.639323040131785, 10.442599960142768, 0.17104615706894608
11.237981063996385, 11.392924823148718, 10.442599960142768, 11.24587688015375, 0.2289731572350201
11.237981063996385, 11.392924823148718, 11.24587688015375, 12.049153800164733, 0.17071354887821094
11.237981063996385, 11.392924823148718, 12.049153800164733, 12.852430720175715, 0.08565369792028005
11.237981063996385, 11.392924823148718, 12.852430720175715, 13.655707640186696, 0.03075491722678217
11.237981063996385, 11.392924823148718, 13.655707640186696, 14.45898456019768, 0.01343963613533358
11.237981063996385, 11.392924823148718, 14.45898456019768, 15.262261480208661, 0.0016673530373944
11.237981063996385, 11.392924823148718, 15.262261480208661, 16.065538400219644, 0.0
11.392924823148718, 11.547868582301053, 0.0, 0.8032769200109822, 0.003983412160394834
11.392924823148718, 11.547868582301053, 0.8032769200109822, 1.6065538400219643, 0.0
11.392924823148718, 11.547868582301053, 1.6065538400219643, 2.4098307600329463, 0.0
11.392924823148718, 11.547868582301053, 2.4098307600329463, 3.2131076800439287, 0.0
11.392924823148718, 11.547868582301053, 3.2131076800439287, 4.016384600054911, 0.0007734568968157467
11.392924823148718, 11.547868582301053, 4.016384600054911, 4.8196615200658925, 0.005245909242134452
11.392924823148718, 11.547868582301053, 4.8196615200658925, 5.622938440076875, 0.004564218205404582
11.392924823148718, 11.547868582301053, 5.622938440076875, 6.426215360087857, 0.0017769672966710772
11.392924823148718, 11.547868582301053, 6.426215360087857, 7.22949228009884, 0.04298803669139224
11.392924823148718, 11.547868582301053, 7.22949228009884, 8.032769200109822, 0.018755089349008294
11.392924823148718, 11.547868582301053, 8.032769200109822, 8.836046120120804, 0.052760850354607224
11.392924823148718, 11.547868582301053, 8.836046120120804, 9.639323040131785, 0.1319209413767678
11.392924823148718, 11.547868582301053, 9.639323040131785, 10.442599960142768, 0.1931211227218817
11.392924823148718, 11.547868582301053, 10.442599960142768, 11.24587688015375, 0.21306538206400882
11.392924823148718, 11.547868582301053, 11.24587688015375, 12.049153800164733, 0.18248966656179352
11.392924823148718, 11.547868582301053, 12.049153800164733, 12.852430720175715, 0.08553515451507977
11.392924823148718, 11.547868582301053, 12.852430720175715, 13.655707640186696, 0.05003729240411561
11.392924823148718, 11.547868582301053, 13.655707640186696, 14.45898456019768, 0.012516331489263254
11.392924823148718, 11.547868582301053, 14.45898456019768, 15.262261480208661, 0.0004661686706612192
11.392924823148718, 11.547868582301053, 15.262261480208661, 16.065538400219644, 0.0
11.547868582301053, 11.702812341453388, 0.0, 0.8032769200109822, 0.0
11.547868582301053, 11.702812341453388, 0.8032769200109822, 1.6065538400219643, 0.0
11.547868582301053, 11.702812341453388, 1.6065538400219643, 2.4098307600329463, 0.0
11.547868582301053, 11.702812341453388, 2.4098307600329463, 3.2131076800439287, 0.0
11.547868582301053, 11.702812341453388, 3.2131076800439287, 4.016384600054911, 0.002208245996818781
11.547868582301053, 11.702812341453388, 4.016384600054911, 4.8196615200658925, 0.0
11.547868582301053, 11.702812341453388, 4.8196615200658925, 5.622938440076875, 0.0
11.547868582301053, 11.702812341453388, 5.622938440076875, 6.426215360087857, 0.019554508922728246
11.547868582301053, 11.702812341453388, 6.426215360087857, 7.22949228009884, 0.004729775666503216
11.547868582301053, 11.702812341453388, 7.22949228009884, 8.032769200109822, 0.019474229493243688
11.547868582301053, 11.702812341453388, 8.032769200109822, 8.836046120120804, 0.0675695820162366
11.547868582301053, 11.702812341453388, 8.836046120120804, 9.639323040131785, 0.09769376914864429
11.547868582301053, 11.702812341453388, 9.639323040131785, 10.442599960142768, 0.10637941994376869
11.547868582301053, 11.702812341453388, 10.442599960142768, 11.24587688015375, 0.20269912749471128
11.547868582301053, 11.702812341453388, 11.24587688015375, 12.049153800164733, 0.2845129762836811
11.547868582301053, 11.702812341453388, 12.049153800164733, 12.852430720175715, 0.1392344679433985
11.547868582301053, 11.702812341453388, 12.852430720175715, 13.655707640186696, 0.03836521968985659
11.547868582301053, 11.702812341453388, 13.655707640186696, 14.45898456019768, 0.015774995518607046
11.547868582301053, 11.702812341453388, 14.45898456019768, 15.262261480208661, 0.0009373905407739325
11.547868582301053, 11.702812341453388, 15.262261480208661, 16.065538400219644, 0.0008662913410279676
11.702812341453388, 11.857756100605723, 0.0, 0.8032769200109822, 0.0
11.702812341453388, 11.857756100605723, 0.8032769200109822, 1.6065538400219643, 0.0
11.702812341453388, 11.857756100605723, 1.6065538400219643, 2.4098307600329463, 0.0
11.702812341453388, 11.857756100605723, 2.4098307600329463, 3.2131076800439287, 0.0
11.702812341453388, 11.857756100605723, 3.2131076800439287, 4.016384600054911, 0.0
11.702812341453388, 11.857756100605723, 4.016384600054911, 4.8196615200658925, 0.004707556973204103
11.702812341453388, 11.857756100605723, 4.8196615200658925, 5.622938440076875, 0.0
11.702812341453388, 11.857756100605723, 5.622938440076875, 6.426215360087857, 0.0
11.702812341453388, 11.857756100605723, 6.426215360087857, 7.22949228009884, 0.009593641183102767
11.702812341453388, 11.857756100605723, 7.22949228009884, 8.032769200109822, 0.010135431038587137
11.702812341453388, 11.857756100605723, 8.032769200109822, 8.836046120120804, 0.07789820071913425
11.702812341453388, 11.857756100605723, 8.836046120120804, 9.639323040131785, 0.06221172771961997
11.702812341453388, 11.857756100605723, 9.639323040131785, 10.442599960142768, 0.11669841737101438
11.702812341453388, 11.857756100605723, 10.442599960142768, 11.24587688015375, 0.23560853646978774
11.702812341453388, 11.857756100605723, 11.24587688015375, 12.049153800164733, 0.2271165301309588
11.702812341453388, 11.857756100605723, 12.049153800164733, 12.852430720175715, 0.17718388360012463
11.702812341453388, 11.857756100605723, 12.852430720175715, 13.655707640186696, 0.04796212173613548
11.702812341453388, 11.857756100605723, 13.655707640186696, 14.45898456019768, 0.016919224282814404
11.702812341453388, 11.857756100605723, 14.45898456019768, 15.262261480208661, 0.013964728775516369
11.702812341453388, 11.857756100605723, 15.262261480208661, 16.065538400219644, 0.0
11.857756100605723, 12.012699859758056, 0.0, 0.8032769200109822, 0.0
11.857756100605723, 12.012699859758056, 0.8032769200109822, 1.6065538400219643, 0.0
11.857756100605723, 12.012699859758056, 1.6065538400219643, 2.4098307600329463, 0.0
11.857756100605723, 12.012699859758056, 2.4098307600329463, 3.2131076800439287, 0.0
11.857756100605723, 12.012699859758056, 3.2131076800439287, 4.016384600054911, 0.0
11.857756100605723, 12.012699859758056, 4.016384600054911, 4.8196615200658925, 0.0
11.857756100605723, 12.012699859758056, 4.8196615200658925, 5.622938440076875, 0.0
11.857756100605723, 12.012699859758056, 5.622938440076875, 6.426215360087857, 0.0
11.857756100605723, 12.012699859758056, 6.426215360087857, 7.22949228009884, 0.0
11.857756100605723, 12.012699859758056, 7.22949228009884, 8.032769200109822, 0.0073749815341555384
11.857756100605723, 12.012699859758056, 8.032769200109822, 8.836046120120804, 0.011584947572754278
11.857756100605723, 12.012699859758056, 8.836046120120804, 9.639323040131785, 0.03428982764183962
11.857756100605723, 12.012699859758056, 9.639323040131785, 10.442599960142768, 0.0912087413110791
11.857756100605723, 12.012699859758056, 10.442599960142768, 11.24587688015375, 0.20904187567869523
11.857756100605723, 12.012699859758056, 11.24587688015375, 12.049153800164733, 0.27388715273066183
11.857756100605723, 12.012699859758056, 12.049153800164733, 12.852430720175715, 0.24667274877944154
11.857756100605723, 12.012699859758056, 12.852430720175715, 13.655707640186696, 0.06001355721261615
11.857756100605723, 12.012699859758056, 13.655707640186696, 14.45898456019768, 0.046003191835584975
11.857756100605723, 12.012699859758056, 14.45898456019768, 15.262261480208661, 0.019922975703171843
11.857756100605723, 12.012699859758056, 15.262261480208661, 16.065538400219644, 0.0
12.012699859758056, 12.167643618910391, 0.0, 0.8032769200109822, 0.0
12.012699859758056, 12.167643618910391, 0.8032769200109822, 1.6065538400219643, 0.0
12.012699859758056, 12.167643618910391, 1.6065538400219643, 2.4098307600329463, 0.0
12.012699859758056, 12.167643618910391, 2.4098307600329463, 3.2131076800439287, 0.0
12.012699859758056, 12.167643618910391, 3.2131076800439287, 4.016384600054911, 0.0
12.012699859758056, 12.167643618910391, 4.016384600054911, 4.8196615200658925, 0.0
12.012699859758056, 12.167643618910391, 4.8196615200658925, 5.622938440076875, 0.008249194017478942
12.012699859758056, 12.167643618910391, 5.622938440076875, 6.426215360087857, 0.009732412729660314
12.012699859758056, 12.167643618910391, 6.426215360087857, 7.22949228009884, 0.008843078794891896
12.012699859758056, 12.167643618910391, 7.22949228009884, 8.032769200109822, 0.022923865932684417
12.012699859758056, 12.167643618910391, 8.032769200109822, 8.836046120120804, 0.051682619108279336
12.012699859758056, 12.167643618910391, 8.836046120120804, 9.639323040131785, 0.028305255301705495
12.012699859758056, 12.167643618910391, 9.639323040131785, 10.442599960142768, 0.09379896439163182
12.012699859758056, 12.167643618910391, 10.442599960142768, 11.24587688015375, 0.14081935079023972
12.012699859758056, 12.167643618910391, 11.24587688015375, 12.049153800164733, 0.2241761828114579
12.012699859758056, 12.167643618910391, 12.049153800164733, 12.852430720175715, 0.23941460387542945
12.012699859758056, 12.167643618910391, 12.852430720175715, 13.655707640186696, 0.12870425435741584
12.012699859758056, 12.167643618910391, 13.655707640186696, 14.45898456019768, 0.012658674424221557
12.012699859758056, 12.167643618910391, 14.45898456019768, 15.262261480208661, 0.013519666456248235
12.012699859758056, 12.167643618910391, 15.262261480208661, 16.065538400219644, 0.017171877008655086
